"RelativePath","Bytes","Sha256"
"data/textures/icons/acceleration.png","39654","77c1f6f92abbe22fc7641945d99af7b4b47a35ee83d3f60d33fb9e5a52a039b7"
"data/textures/icons/achievement.png","23116","1c0330004715255147227b4eb7db31d994fbb2cff5a7711119317dbb04f35699"
"data/textures/icons/acid-fog.png","139128","f711e1fc613eea6b4842a1b6a60fc6a5768157c82bb6159d2ea419b125e8efe9"
"data/textures/icons/acid.png","19856","e5c90a9e2796689faa54f97abf5308d44db290302362ac719cb7ca84583f52c5"
"data/textures/icons/activate-secondary-color-quadratic.png","2726","38cd0144e139cf0fa1d3b800613b05d603ab36663db831564574f54d503cd103"
"data/textures/icons/adhesive.png","18795","c3def1b0f080d2941b5d9c1247c2874aee9105e6c76a213ede031192649c39b2"
"data/textures/icons/adopt.png","18750","b088ef11f3c27a8571f4ab7eb7fcf1d91f82e59304c46b5cddb0b2de24e59de2"
"data/textures/icons/aggressive.png","49377","84191b8d1ab4eecfdc2b86dcb5dc7d7cae454c6479f11aaa412ae1f8f35d0728"
"data/textures/icons/alliance-info.png","9930","8be9f02498d63338915d34ffde0425ab8a8f8940ae55892594775e86164c17e8"
"data/textures/icons/alliance.png","12364","3c203bf3e677165a4f8239ff240da8256fb450364678454504c7c7299fcb1e53"
"data/textures/icons/aluminium.png","18074","5449d23377771ccaea24b64f5c51ed96fccecb46bd35792a237c023589f48f6d"
"data/textures/icons/ammo-box.png","8518","7f5ad7b82ab17cce44ff2d2a1390158682bbe9f74b936a8a891bfe5b1fc545c9"
"data/textures/icons/ammunition-l.png","7984","bbb3497a29bcb6e58e8347b52b6997d675b7df49c650a3933f0efcbd10827e9a"
"data/textures/icons/ammunition-m.png","10140","366474513ee9e35d41b316edecb0730de87f3d99d8a8b7234572203130d4de40"
"data/textures/icons/ammunition-s.png","13470","b4b8a8120161ce75298ee4c49331487d8ad4db13c80a896af5b9df7c8affe557"
"data/textures/icons/anchor.png","26716","30ff62547a78b999b859b7bfb960dea5fd8c26e2d5814f694099373be895cf9c"
"data/textures/icons/ancient-artifact.png","26910","8d03d24cb16949821c8aba258d9650e1997ae7404cf4e73661216e73cea5179c"
"data/textures/icons/ancient-holo.png","33323","d901f2fd0e4d8b3e2287ff635d0afef6a3f39290103941d53f89a923da7964be"
"data/textures/icons/ancient-knowledge.png","19390","ae186dfa6f39e42302db4c59d0596681b1e3ceb2409b3894bd2ecf6e2aaa2d0c"
"data/textures/icons/animal-hide.png","48705","f827896dba5d63fdca2935a7dd9b582d5a7f7b5a68aacebdb5f258816cf0c013"
"data/textures/icons/anti-fighter-gun.png","27809","1c5cb9f05e24f0f0801604a2a8adc6c397d71dcc4c2ed5ac5a5b884f2f0b7594"
"data/textures/icons/anti-grav-generator.png","19927","bd7ad8b0c17c5ca1b1cbf8cdaa7bd61951df813bf482bc0030be8dd7434ce6e9"
"data/textures/icons/anticlockwise-rotation.png","19603","e4b440fe5db230efcd467c4efca0a779365cd078ad7af44e54b11aa87377a643"
"data/textures/icons/antigrav-unit.png","34282","31e99f055a8aeb8a47d09c540b25b1338e9ecc242ae30ad9cbbb56e2a0fb2aa7"
"data/textures/icons/apc.png","19221","8dcf0ddd5ab28320f4fdaa676b55a8fecf3d9a4c7cf84601666c13b4237d3f99"
"data/textures/icons/apply-design.png","37002","5a11039a6ffbecc9b439efb8c3098d335b3f288d77e0df3ae40d2eb33a3a060b"
"data/textures/icons/arrow-down.png","2238","575fa7832f5e28ced81ad68be8d5afcc9a1fd2588fe0bfdf1b3933d81b5b7b9c"
"data/textures/icons/arrow-down2.png","10715","530a3006516a5fe9db916cc34e8b8cfe5ccb82da773c62003159b24f63a0c425"
"data/textures/icons/arrow-left.png","2650","a2f6fa7413552b5186cb39c71b29fbb565f78eaf61524606b1d3c14feac90273"
"data/textures/icons/arrow-left2.png","11203","e13da29d8e3c93a0e89bfd4897dba9aeecc7a234e9cde0369d978f18a014a2a1"
"data/textures/icons/arrow-right.png","10141","49abac7533312ba51c55f991d11e848e61fa39b484b1eb9319531d6c5a8b7bb4"
"data/textures/icons/arrow-right2.png","5995","a36e54302c935d987a9a1fedb512c15b2ea83124069c77049525d674b811e34b"
"data/textures/icons/arrow-up.png","2122","09b1d46d59e90092616a22107f6247ae451821367440361900429f88e2066e98"
"data/textures/icons/arrow-up2.png","10771","8a03546dac1a3f8bd75f4024155805a6a0204c15fa06d3a596b196388be05e5c"
"data/textures/icons/asteroid.png","10956","0cbf1cf09e6824abe49963b07188ac9de11e354647b7405763b422e177a6be60"
"data/textures/icons/asteroidsmall.png","61192","9376d945c6ab9facfce50c75aba834e2a0215f10bea41512e7910fa5ddfd20d9"
"data/textures/icons/attack.png","32036","849a33af2305bf267aefb887a232cd6ba97dcec78bba89cbbe8722964daebc61"
"data/textures/icons/auto-research-start.png","30025","cd672a5616f017b6cf03768f490bc9a702d9899677bc6d28b9f8ce85f6a63e41"
"data/textures/icons/auto-research-stop.png","18849","ab08c129e9804ec0b681407c9d866e7eb21dfbc5f16fc442204045d05fefbf8b"
"data/textures/icons/auto-targeting.png","15686","41888cd10e29acd2c552240f56a02f7c4656b65c3f321a88f8c950cd361da200"
"data/textures/icons/back-forth.png","13602","8c9c76f3f8b717c4ff897a5ce1d4f1f653eb8d2ba54bb8101a007c248b048843"
"data/textures/icons/background-simulation-areas.png","43673","5abe7abdd74e7719ebe3bd0af08511e23853713637ee9f62c22a290f8e0dbf9f"
"data/textures/icons/background-simulation.png","10634","a67e2c34eb109bdda780836f2e0707f099fbf7fba69e4b24c9912514432cb3f9"
"data/textures/icons/backround1.png","14961","0f5f5da35f6e162ece5aabbc1a4437f09281f57bb4421de272d0f22374bd3bcb"
"data/textures/icons/backround10.png","16897","edc74c4d66eebd4603f336b3d5dc56658ebbe78d7819337a29cc179ace8c8efd"
"data/textures/icons/backround11.png","8172","4c8e8861b9ae74beacf700be5d98a5b2bc2174feeb2f3f30aeb3a1ca944ad510"
"data/textures/icons/backround12.png","17618","09b2629db22b58972b9cc72329f6cc381ba3d793b17df2a5da412f43d46cc65c"
"data/textures/icons/backround13.png","9331","87b62f004784bb7b5ed98660f135317a3b05def1e5589f35279ee6cc6c0e3d9e"
"data/textures/icons/backround14.png","9361","8878913f32dad04d6e00f8f734ac6b3480c9e52cde061fb55645ecfdf91a1119"
"data/textures/icons/backround15.png","13794","0c68e77c47289b0d669c4ebecd9ae46fa49753772a6bd84441469e3c9dd914bb"
"data/textures/icons/backround16.png","21457","c89bbfc72edc67d3131e9f790afb91fae2975541df5889acfda123086ce8a59d"
"data/textures/icons/backround17.png","20874","dfab5153ad6b750fe94020c37416b2ec771dd056dd2dab15d734bbdab818e364"
"data/textures/icons/backround18.png","17005","03a7631ac5f99a8572910d9cef87cd575d21129bc96e57e3cf2a176d03d73693"
"data/textures/icons/backround19.png","18613","09036d42854f7b4a2987b8c109569529f6695d62074acd12d069f5c825b60ae5"
"data/textures/icons/backround2.png","8230","b0bc5a1fd721e2a4b9c6bef9cd9b1fdcf36aa56b9b3665efec8225855187148d"
"data/textures/icons/backround3.png","20776","a2d9c08a59a82df8b4a1efd891e46818852a1d260254c12497183d7fcefb6561"
"data/textures/icons/backround4.png","9032","66a65e7fc9f69c001aef78061142628a11834eace8c9278c0e1bd6be1295d838"
"data/textures/icons/backround5.png","18538","99055e63a2136e1297984f53f728d65c8ab51252094b44278765526a56758e78"
"data/textures/icons/backround6.png","7929","419b4f71f849edae5965641516a3ecd82a465b4a89a448f81f97768f22f03ae6"
"data/textures/icons/backround7.png","15194","759d9a77e32e0b89f496f7dbb8c4a653ce01eb3b401e5d215ca001d4d76a1d94"
"data/textures/icons/backround8.png","7984","de68954b9ad312a6b034003185ce30f35026a297ab1458720fcd22f34ea3cba4"
"data/textures/icons/backround9.png","17252","dd5c1285ee0c7a4c72ec6b28f6a4487a9720b59494a179188c4a7ed9d93552a2"
"data/textures/icons/bad-ping.png","9247","ca7689e33be202f0fa4e7c92e406ed7122462ea75ac9997743b758c5ed7bd5ce"
"data/textures/icons/badges/badge_battleship.png","6358","01ca565f6b5eba654d7b5c9d3faad29e219fcc30fb8e0d79ace574d8be275151"
"data/textures/icons/badges/badge_captain.png","6662","0929e6f4f3cd4bc63bf5dd8f3bc1bb16c04feb4509525bf3e137ce6a5bdb029b"
"data/textures/icons/badges/badge_corvette.png","4450","d3c3fb2e3a2add825e021aab0a10c123c39f062a0b4e980d71514bd2dbdbdfee"
"data/textures/icons/badges/badge_cruiser.png","5354","7d72ba286b66b4b2aa2c78dd589ec8d1ea7754d19ec17bc5f75e4535e53f4c26"
"data/textures/icons/badges/badge_developer.png","6410","526ac9b8c45b8fe2c393e583deefab0d6dd3c6fb0a657a2b4d1a779d1d070a3c"
"data/textures/icons/badges/badge_early-access.png","5888","de48ce29419a17062ed70c7ab955708ce941dc99d382d1ee239436fc423bdb6f"
"data/textures/icons/badges/badge_fighter.png","4353","5df4d19a44d6e6893591af6cf25b31d2cd26f4987b5bf1808aa9f9d23427cdb6"
"data/textures/icons/badges/badge_frigate.png","5775","f434f9a0463ac445a5278c72fc307f3f790d24a97047cc002de0f9ee84abbdaf"
"data/textures/icons/bag_circuitry.png","37046","851fc31e1f175e76815527a997e2c60cfce903708b34a62e19f14841b93560d9"
"data/textures/icons/bag_fighter.png","35849","926e10362408001dcd5af57bda701e4f0b9306f44b14f7980d4895fb0dad3fd0"
"data/textures/icons/bag_satellite.png","50720","1d6a9093c94fbda07a69195e314908eeeacab3d077fb383ca1248db7a0ec14e1"
"data/textures/icons/bag_turret.png","26497","1c6e2b58f0376f49bf33c14553c59fa08b404c01304fb73c32a5140614761aba"
"data/textures/icons/bag-missile-pod.png","46427","a3b942fb6c23eda7d125fcb9a66ec77ece106353c633dcfaafd0b02700f94b3a"
"data/textures/icons/bag.png","23266","4f7a8ac274e695e1f01debb1fe1eed87e638b1e8b02d53f7242eebae20ce12c2"
"data/textures/icons/bar.png","4189","c41c1aee63ec654835b744665207f7d959da6753b7171512e5f9ed64be36dfa2"
"data/textures/icons/barrel.png","34965","ef0bcbc76fd95bc096546424f2d97d337f636e71d7d22164a09b97521a6e1d56"
"data/textures/icons/bars.png","4432","4c9f369faf89ab6788d3323d06020e2ae40e8db3201ad0e589c5e9b22fdd4929"
"data/textures/icons/basic-mission-marker.png","15451","af400befa7f3617f070273c960a031594936b81051154f61b5d8006932f21e3d"
"data/textures/icons/battery-pack-alt.png","13467","7a1fbe0b46d24ad1d6c472930be57fb87663dc9b7d0e638c264f4fb9e70142ab"
"data/textures/icons/battery-pack.png","13379","1d9c318ef1ce89c0b75b58dcb9b25cd67b26df4101904357fe8aae3a00148334"
"data/textures/icons/beam.png","26014","c8ea00296cfbba4721b5973ef5f00f129198e368967d8ddf8c7be1115cb442c0"
"data/textures/icons/beer-stein.png","16800","c1bfa0d264bfc0e9de9a7a01b7accff15e80f1a115b6d0fd89ec2b87346e579a"
"data/textures/icons/behemoth-fighter.png","22390","ad8cced75a215c690b31e49f0dc651f0097d295f90a0e3b016abf81630e0addd"
"data/textures/icons/behemoth-hyperspace.png","59342","af4eb9962038707ce6b4cb75539f8bd903734751e3ce643f523c3ff9413e04b9"
"data/textures/icons/behemoth-turret-ctcs.png","19623","53f4417d5e166c00122fd2d5675ddd8179c10076e0bff0675515fdd24d36f637"
"data/textures/icons/behemoth-turret-mtcs.png","19578","9b6cd91cdf2f4e72e9d148804b579a6ef1734e873a3e80b3603a7218a7c348b3"
"data/textures/icons/bio-gas.png","13959","1f9db4a922119fb15af190766e4e62a5296ffe649b41467f8b5fba6eb0865bec"
"data/textures/icons/blockstats.png","6255","792b9bb0bd259546b0ed8cc5b2c6adaacddc6938c1fc36135a527b3fa656d81d"
"data/textures/icons/board-target.png","23643","09a29e7c32e0aafb87894e21416b9ee90db0be58952519025b7832a5f363c741"
"data/textures/icons/boarding-malus.png","32932","fb2f7754501551d248dffbece48c530224fb58d0ae8d8727243b1295e6b9289a"
"data/textures/icons/bolter-gun.png","15706","b1a888e40bf1d46e924bba5a1f12c8779f8eb91182753e793722ac2632dfbe96"
"data/textures/icons/bolter.png","11940","a5f8fdffd8a7604a4fb923ec152f8d487337517bd069581c7fe3ad5def5bf522"
"data/textures/icons/bordered-shield.png","45263","1fc27bd1b1bc935a9dc27d560e73d0ef20c1f59c498eeb6deb30cf4867f987b9"
"data/textures/icons/bounty-chip.png","16417","9f27e1a48aed2c1df47e971c2692244ef6d3dfc9a01f78e75e29fb888857b3b6"
"data/textures/icons/brain.png","22335","b690596575a7f1a2ee2dc2b1b0524a2a1f9fceb1a07ee14f084ec4e077432e1f"
"data/textures/icons/bug-report.png","32167","12246ffa8d63f03ab0bdd6ef5e2b8fcfd690336a9155a69ce3bce05593ea5eda"
"data/textures/icons/build-mode.png","35402","fbcb3a8405c9941cbaa53a434a939b8fd6cf48be9d267bf83d25f1db4440bc7f"
"data/textures/icons/building-knowledge.png","37517","49f9ba5de0e4a38d2e01325b615d957e8a8453b2da4d60b6fe4fd72b4dbd2b6c"
"data/textures/icons/bullets.png","35171","b0a4159d0a400d91fcdb73473c57a2702c5ebb842f4957984065a7194e1f4532"
"data/textures/icons/buy.png","29373","12518b57e23c16b9184b01216722a3021d44e75fde71f31be04dd138c070922e"
"data/textures/icons/buyback.png","28158","86d21069bde1760df7de198b37b630961da01fd0c67c1714dff2030e04f42f3c"
"data/textures/icons/bypass.png","28995","6ad915e1b4f71122263aee44899ddae89d3a62b2f523dd79cbf0d5154304c949"
"data/textures/icons/camera-tab.png","6794","2a6ba410091887ed63512e1c0d7d13c76dc19b272ebfde3f8abb43e1018cd6ab"
"data/textures/icons/cancel.png","29106","961e7a32f2f33c333e71f29807224d7eeb40c360bbb8cffcb96cd09892399c0f"
"data/textures/icons/cannon-shot.png","20320","9e2add1de3f34518bbe129f591cd5b03ccfefdb4817b67cf60d52d8956a610bb"
"data/textures/icons/cannon.png","26120","c5a6f37d51b307a29779a11dae0b849f418d045f98a4fd3abd9b60214a14f5e8"
"data/textures/icons/captain-commodore.png","4600","48aedb16fcfb67e7ad30795954bd58528efe43a87a57d6b4e45350f17b858834"
"data/textures/icons/captain-daredevil.png","7091","542a7ddcb9cfb6a16e0d2ed215d8b00a360df428ed2b5be69260799645865be5"
"data/textures/icons/captain-explorer.png","10931","aa434de3c8b87d546f2f1efb4e46996b811ac9e5a1f3485c31968d8586be08f9"
"data/textures/icons/captain-hunter.png","10607","69f4f8459b2a27b5322d53a30e86604852f72e36770dc709b25027893829fb4b"
"data/textures/icons/captain-merchant.png","6745","9b4af9fc16fc6835a01354895338f5b3e7aaa0ddeabb36d5332ec46956938eda"
"data/textures/icons/captain-miner.png","8274","e3c9c945b9e1b4579a24ed2002557a7e9b487d1eba325165d55baa42c6b667e9"
"data/textures/icons/captain-noclass.png","1418","0af52abf448cba6cf78deddde35a201d58e5f5003f1288d418f96d25a2de36f4"
"data/textures/icons/captain-scavenger.png","8879","e33731c446b7d4070452e49cb62099387fd081c72d06eb19473bb92de8cdc90f"
"data/textures/icons/captain-scientist.png","14277","0e7b2b09fa89ff71cd9f00ca224b0a71e44d902ce2f90cc6f741d47a03578b48"
"data/textures/icons/captain-smuggler.png","7305","a91b1ed8d4f1d96c421ca0e34cb77b53e313cb060c00806a935c362c074486ee"
"data/textures/icons/captain.png","14875","8ee084185a09f56f3eea77b4c47a3305ca1b114a9d6a9110590539a1c575447d"
"data/textures/icons/carbon.png","54351","8ef1d5c1cf49cc126967f1d3c7dcea2ba59e26cb3767afdf99c8deb7c94e91c2"
"data/textures/icons/cargo-hold.png","8746","05432318cf4ff8255fb90566a515fa3c8a8c477e9a385d4b3303b50561bc1e20"
"data/textures/icons/cargo-scrambler.png","33038","e8f28a2d73d79c7bf0a7d0214d6fcc312a71a056a2b59f8ec958b7ef94ac84a0"
"data/textures/icons/cash.png","30853","e6696128e20b4f1280e6874d97547e60ca74760aeded01b13510353e2b89d09a"
"data/textures/icons/cattle.png","25804","2d0fb466cbd0e49682c807d44f60bed790e3d7ff4c1e96b74f700760a2640cc4"
"data/textures/icons/cavaliers.png","34160","ac47c4d0b36645bf4dc3f90c42ad7a76cf3c74dccaaa928aff5cb308a8b30355"
"data/textures/icons/ceasefire.png","11429","6b948587651ed5a8cdea1907648fbea143a929ce018f13216020b45e4ec9364a"
"data/textures/icons/chaingun.png","6302","44f799e0d39492d07a8ebb1afd7d7ca1e035d303b3e411c017e7051ddb87660c"
"data/textures/icons/change-area-horizontal.png","11419","b787c117390ae6f1f08dfaadf5bb6502c0050017549368d67b039d249ff46d1d"
"data/textures/icons/change-area-travel.png","7113","f2ebc702e5978fc530d62556596b03d087ef3ec542eda075837d8b59623b01bc"
"data/textures/icons/change-area-vertical.png","11512","355a92cbab600e50d823ee93d970f09020e1bd81a25ea4c48f2a0a8edd9eebdf"
"data/textures/icons/change-area.png","3503","5cb1d25edd1a9d573b1e09a763d5bb369b7edd4bc7f7b0a7c1bc7b84a88384ee"
"data/textures/icons/chart.png","5474","eab0e74696301f59ac3b5a3f4d84b30c59c34bdcfc31569a418708d18f45689c"
"data/textures/icons/checkbox-tree.png","8812","bd91ed10e7c9180d9cc207d2503a3c95e3c83db666f01b539a8151e296694507"
"data/textures/icons/checked.png","19084","b50bf3dd9b09e4605e28254597c8027a947d00ed3c6df351416f87ac92f2f0a5"
"data/textures/icons/checklist.png","20214","2bac6ffa07557a2c9c402ae9735e12ef1060f13a320b6077cb779ee876138bec"
"data/textures/icons/checkmark.png","20111","db3f7061438a64a24fb56475a1a48ed96b5c6ac5651f83beb409e1575bd2469f"
"data/textures/icons/chemical.png","10345","6e57241aab7efe11ec203eb8fc59342015ec53151d7b022e541e8548dd0c7b27"
"data/textures/icons/chicken-leg.png","23097","1283c9f3336d25ce9ca1d892531a218748a1bfd840c9493208f9381cb7c7b7c3"
"data/textures/icons/chlorine.png","25361","7ca481fed0cdd7b9f5f2dbb0833d02e6d994e7c73b1cef88df4d6dfd1e2fe2a0"
"data/textures/icons/circuitry-remove.png","34447","54ff633a003a426bd9db425dcd702b4c205aecdf51ae2e11ab157df670d340b9"
"data/textures/icons/circuitry-small.png","29974","212ae7fdc061468af44e96ff99ed309010a8a714aaf857d5a2dee355c38d4a01"
"data/textures/icons/circuitry.png","22394","fda7017060c070e87744882a1706c0b0da4c30aa336b65ef0544652f76894421"
"data/textures/icons/clipboard-arrow-down.png","9134","86951f867dea42bec579f39a060ce90d9b16832ff05705959e639d251e37fc68"
"data/textures/icons/clipboard-save.png","14202","bca3d985c78fc41fde64bb589365b6ae5499a3a93d6a62181dce58cff777d263"
"data/textures/icons/clockwise-rotation.png","27267","11b9be637c427f42e68f2891d2c31dfb4c3fa9a8c6fdff1b473b7fce7c06f1c7"
"data/textures/icons/clone.png","24307","c95c2ca3d2498c9ab24d03eed7919a1135ea7f56eb0aebbaf3282d6e3362ac4c"
"data/textures/icons/coaxial-gun.png","2738","0f942145c1f54dc25d2740ea8cdb1d2b5edfcf971f8acd86eecde1d67402e536"
"data/textures/icons/cocoa.png","58306","a7457f42c515540bd436422ef0211b99004b711621521f0711739e9d895435d4"
"data/textures/icons/coffee-beans.png","40560","78ae43969b546fefc15ddfe64251cbd1a654e16999ddc4a324bfe9841b4dbf72"
"data/textures/icons/cog.png","23612","cad4fec64d2dd94c44ce1fcb3d48f5ce6a84a2cfdb3aa67b20f0b21027ebd179"
"data/textures/icons/cogsplosion.png","23424","6063f897e4d98de65f4be18086d04254fb2966c35a52f4d825dd171e2752c807"
"data/textures/icons/combat-carrier-hybrid.png","36056","59cdff0b5e053ccf4b5877ed04b287b3d6b8be7c0fa4c0d4230b754d2b133a5f"
"data/textures/icons/commune.png","22418","655caef3e358ca505bb94f3987d8a309615dc05e888d93ae4cf8b54ba8a85850"
"data/textures/icons/computation-mainframe.png","12141","e280ae5aba0635520ec1e178b8024727a0cc5b96a2894e7288a3c99d92d991bc"
"data/textures/icons/condor-emblem.png","42635","57694430f8f82aa9dd7c19b4bd0957b02a59fbc8ab0b7c52bf04108ce09bbc9a"
"data/textures/icons/conductor.png","13828","55842685794b2e49d5291f8a8b9cc56817aaf2cc296bacf9821c012932009428"
"data/textures/icons/conversation.png","26015","3c76b13a2c0d39d61b2f7f5cfca8bdb1444986b11448c236cc233be8e8275233"
"data/textures/icons/convoy.png","51791","2e12006ff2ec5e9f40da5ce024ddb373a99fd05fd9ba6fa6b2246d4d2e0ba56b"
"data/textures/icons/copper.png","25667","dd9c2440521d8ed8d4a9b9350d0f6ad36e7f222b8cffc8be7e7797683cc855d1"
"data/textures/icons/corn.png","40806","75d0314b7656a9e85cf4c20102fa0edefbabfdd4374279001d18cc77c4ab4dbd"
"data/textures/icons/crate.png","39947","b32069524b766cf76cb2668a4d1be78ebadf5f961f47b23646c9ab523f6a9aee"
"data/textures/icons/crew-member.png","10000","45ca61ff652de95ae0aa98b8a0c1ed4db99d02070741edfdf81f409d587d1eb2"
"data/textures/icons/crew.png","22210","43a4ab440218fe517c6d58467e755abd41a28f2a3b5ae90e431d200db61e4229"
"data/textures/icons/cross-mark.png","33392","3b75496453bbbe318887458478b61264a31f35b4074829201649f055a53a2b34"
"data/textures/icons/crossed-rifles.png","49395","4d7c669f075f7888a5e6477cdba1b1d27e14377e97a2f2e0443a6230bf579c15"
"data/textures/icons/crystal.png","39870","087da6bf818f506049e1ab2405a9a793a013b00433624de1f96d022f67a40c8e"
"data/textures/icons/cubes.png","20860","d86b7244d89f6b8a08e15290085486e7cf494b15bd3a52bc64edc784df75d257"
"data/textures/icons/defender_ship.png","36160","80319ef986626df2ec7580df60d9c28614d01c9d3964dc0b73144756f16a8513"
"data/textures/icons/diamond.png","66426","3453cbddef883e397179818c46de82c20352a6e9ba500354e3dae2433c029dd2"
"data/textures/icons/diamonds.png","17251","e27aa949e533c8bc1f8ee6b578eba66b1f82474be0816414d814e2e6717e0fe0"
"data/textures/icons/dock.png","24782","0911b7976bc0626b7e5e84382253ba28423572060cbcac1f221be119bc6247bb"
"data/textures/icons/dodge.png","18057","98b14e30649840bf5de966c8b1d28119294912ab81c3c9c76207a535beb84823"
"data/textures/icons/domino-mask.png","18819","2667fa0303992fba5131f9a57108947ba55b32e645104c978460f924b2e7fd29"
"data/textures/icons/drill.png","29627","b462ff07d39e677d52af8f4fe3a0af30fc767e6c6ea4add217b91b3865d6f24b"
"data/textures/icons/drone.png","1433","2950e477d11fb589e1bcd24a2deebac050e51258f1281b907db0b70d504423d5"
"data/textures/icons/echo-ripples.png","13833","1f8fddf91ad82f3c47910a9972e9261b5bdb16a428212a6652f94c36edf5e461"
"data/textures/icons/edge-crack.png","43608","bba5a0cd5f9dc3b6cab85920fdf1e7beb5a7b1e73d3daa8a8b44f897435b9b2f"
"data/textures/icons/edged-shield.png","14050","f6aea4e2f29b09e3ce45320487eea9f82e6518815aaf543216c315d9500a9415"
"data/textures/icons/effects-tab.png","12318","1ebd861466a1ef56c4876ae28ff352a39b4ad39962ea1f26751614d15b772436"
"data/textures/icons/electric.png","4430","081a893e55541e19423a94e4489bdc614a6d9f32858dac35fce792d8366bf2e0"
"data/textures/icons/electro-magnet.png","44408","17d329a73bc62ebb20e47f0b15587c5960d38f81dc7dfe47dc28c050cb718b69"
"data/textures/icons/electromagnetic-charge.png","40700","785af0b8bb8879d53cbfa4d986fa6a6e10322f5bd03c5bc181a8d61ee3575867"
"data/textures/icons/electron-accelerator.png","30379","8765b26956089fad2604f31f2be921be1cdcb5a45b5f77e9d0ba731b46506b9f"
"data/textures/icons/energy-generator.png","27178","c583861c6089e5e75ccd1be593f49cfc0fae4d64a2c4504b2e3c6e3c30f2a0bc"
"data/textures/icons/energy-hyperspace-hybrid.png","65304","49f40eee13ede1f643960502b21731725995d07dd7edb4d397b550419fb11246"
"data/textures/icons/energy-inverter.png","46807","995c47953fc54ca70af077c76e34392edd7f92b3c5e3e5dcee0c27260c34be76"
"data/textures/icons/energy-shield-hybrid.png","39455","7692622a54c90d0ea5b06eac65e530d3e3cc76fa9530fc0fe8f76b754faac635"
"data/textures/icons/energy-shield.png","13590","e7b74d310173f0bd3bb241a1b64b7296ecedd41e72da8b249715ee635a47dc25"
"data/textures/icons/energy-tube.png","16126","d1f41e4e05c867792a6634a12190eec80218e1ce974260431f289d1e032f3bcc"
"data/textures/icons/engine.png","7484","b5407a873b8ad3be91450b338e7a8b16ec0bf2e767fa74b08b1cd036639b52c6"
"data/textures/icons/envelope.png","23069","32cdef0f80d72a4c5c88e6b6111ecc6ec0e9e733c73aba2dabbecf137e258999"
"data/textures/icons/escort-command.png","12203","4f1399297079163f60839278ac29c730c6ec492ac28719d024ee815310575b64"
"data/textures/icons/escort.png","30019","14144fa37bc4a50751fcf8e749c59a83eaa536d2b1decf2ff85a465bc6d11bdb"
"data/textures/icons/expedition-command.png","10634","a67e2c34eb109bdda780836f2e0707f099fbf7fba69e4b24c9912514432cb3f9"
"data/textures/icons/explosive-charge.png","57841","9b274a584171542a8a197a4ac6ca224d6a817b7795e3edd82ffcb5c66ea26282"
"data/textures/icons/eye-crossed.png","28769","773906cd4e5b06c52a7100dc94b5e0160fb806a7f72e3b21e61a61264fcc35cf"
"data/textures/icons/eye.png","16230","77e6195971ac260b86ef308200f08e6dc3a1039643d4504c44c7ba60d222dda6"
"data/textures/icons/fabric.png","20111","f6e00be14217db141c270aa8846e18c93ae54e6429d66f0d616c2399e45a8cca"
"data/textures/icons/factory-arm.png","28231","ebd6c4f28c1a5d015e0b1f538556d3c67446eb670db4ce9e2af7a781894144bc"
"data/textures/icons/family.png","44376","9b1c475d23c3465439f51c9ba7382e90d71fce2a524b3157a9e6cd86de90cf36"
"data/textures/icons/fertilizer.png","23005","9136685604e1c4a9df834eae8bda47465b496823f8f7712dcbb6387c7704f9aa"
"data/textures/icons/fighter-blueprint.png","16315","4249ad954db2411a245cf60703d54f095dba2b63e1707dc661209ebd97288c6b"
"data/textures/icons/fighter-production-background.png","15613","7f0ed04d38c3319b0fb5eda29a6be163c08a18814746a6f7a5b8a0994584a80d"
"data/textures/icons/fighter.png","8607","5fe8557be78f63474ad1085a3b5f61a3eb10d8664383ebc97e97385a00ca67a8"
"data/textures/icons/fill-up-arrow.png","12778","fc037bc249864aa9885df95d2911dd7380a56c019f00ad60dca561d7409fc05d"
"data/textures/icons/filter.png","9179","42c6a61ce912f740b59424a4d2040c129da64ed6bcebb3d016005022f00c971a"
"data/textures/icons/firing-ship.png","41274","2874b35cccc99d34e11a66dbc693fd23981c522cda7705b25baf8031271ed122"
"data/textures/icons/fish.png","26219","6548eb057fa1205765c0aaffaba9011fe2d8d5ac89046132b1a6899a117d6788"
"data/textures/icons/flak.png","27809","1c5cb9f05e24f0f0801604a2a8adc6c397d71dcc4c2ed5ac5a5b884f2f0b7594"
"data/textures/icons/flame.png","17221","c79f493f5c90356fd33e6c92dc9552e587c09cf705de97f66ee614c248003247"
"data/textures/icons/flatarrowdown.png","2660","30117b24b605db105789a47bd950ba181f1db9fb36b12d2e369799dc555b8ebc"
"data/textures/icons/flatarrowup.png","2549","93352fcd7506b0c1c713ed57e0c7f9f42e12986d3cbcaebd28c1c7fe599ba1b9"
"data/textures/icons/fleet.png","51791","2e12006ff2ec5e9f40da5ce024ddb373a99fd05fd9ba6fa6b2246d4d2e0ba56b"
"data/textures/icons/fluorine.png","21203","04b92ad6eaaf801d57775fead5f13604001d19a57116d0d47ef42dfc21936161"
"data/textures/icons/flying-flag.png","7346","0e64bd3b2fc7b80c3ed8a7a638da9a449964fe31fe5c1210bb9e482c3f4066c9"
"data/textures/icons/folder-new.png","9563","ca4fd885f389c9b25727655771b14bf9c08d39a850fd1e92e4d49498b35bcd88"
"data/textures/icons/folder-ship-autosave.png","31377","496210ea0ff714331dd495576222dffd95dbee1d15694db7b6e3e97f173d52b4"
"data/textures/icons/folder-ship-workshop.png","34787","15599adad6080ecdd7d75e9750cc66417d8136afd78d579fa62d60da077160c1"
"data/textures/icons/folder-templates-workshop.png","41212","444851cdfa9d12c0839390b89fc6c5235ed8287b9a779eaa70962f6aea58e84f"
"data/textures/icons/folder-templates.png","22738","e43c92130524600c31d74e8710c293b096673c711d7707ef91a52d25a64b6f51"
"data/textures/icons/folder-turret-autosave.png","7308","f39ed2439efc94c7a4694167d8c08fb009044407c6cf5400f00aec6979a7d6a5"
"data/textures/icons/folder-turret-workshop.png","8157","3dbd1e7589d8df1a4a7db16d2fab03bfdab69fdb098ec442e3d2ab1b5e6c1439"
"data/textures/icons/folder-turret.png","7444","69ce80251c826b1ea2954c54c9071373849c4554605dd169f2f393bdaee19c54"
"data/textures/icons/folder-up.png","7770","9c2fd0506cf36571b47215ad1cdba00d5d1437399a4713bfec307f2419c97386"
"data/textures/icons/folder-workshop.png","15798","febca5d69bce3e0c142caf76c41b7c722a5e1552aa98dd3a76c63a32bb29bcd7"
"data/textures/icons/folder.png","14963","d2caf893918f401af3ec5b9e607e36410d9e74e048c99041a8c36dd32a466260"
"data/textures/icons/force-generator.png","32868","949634a690c6f3ca097f3ac38437615935fea8f75a66017390f0181c087b8d30"
"data/textures/icons/force-gun.png","13833","1f8fddf91ad82f3c47910a9972e9261b5bdb16a428212a6652f94c36edf5e461"
"data/textures/icons/fossil-fuel.png","42815","1e0a13251bb8d4940b2e2fec3bdb9a512bc4e79d920498720bc51d1a02095774"
"data/textures/icons/fuel.png","35695","4a3591f9f05e4886f8e7d1d4ba998244e9e3272c0a5fbc28bf9115a2a1a825b8"
"data/textures/icons/fusion-core.png","48018","7331ba1624b3d8f83c2f26d9f17da0fd806eadbd15f399a8b5dcdd152f50f644"
"data/textures/icons/fusion-generator.png","47313","a2ed9f55289ffaa1ae6cb390ad60de74764bb2e0cb42a7ab9bccd450f49d48ab"
"data/textures/icons/g-clef.png","25109","6e7cb3155db25ae6ce1e42ffa2a844217b5b68029ab8684823acceaa60d724e7"
"data/textures/icons/gamepad.png","18397","a25144f0c09642cd4e1af476630f76dffae7d1206db9cb3219097d39d9a5d1d3"
"data/textures/icons/gate.png","5475","277950e16f152bf29cb3049915e9581fafa28776cf50d8a7e4770383c0ee1c5a"
"data/textures/icons/gauss-rail.png","23961","f3d5c4957f9e1105c5adbb685a79d441b5e9431d60c5e891700f5e36d094d4b6"
"data/textures/icons/gears.png","25379","427d76547e18bf40d0c605a191a56fe1d72ca99969904cc7a8f27e6bb0f31adb"
"data/textures/icons/gem-chain.png","24079","480271bb991c7ce7f9e9d685145ae158a5bd8485b7a9249c6b3b6b9148d270b1"
"data/textures/icons/general.png","33523","2140d0f5c6dfd23cadba6c478c95615ad03786ae695ec3773bae32a5b7b25fbd"
"data/textures/icons/graduate-cap.png","6988","dfb182fc6f6b48b4580fe60b7905a49d71a3f51d8afcaa241319233007a51507"
"data/textures/icons/gravity-anomaly.png","57217","c6b9504646ba27034589abc9d2f90b010568bc7f240fa9f289300b2e6ebf6e05"
"data/textures/icons/grenade.png","5888","2d7831116404f591908b05515518d3c21667e1b5a069a8b32234645238185fad"
"data/textures/icons/group-leader-colored.png","42335","46ad38749a030838e1ec17c197225cfe077fe717186ca632747729964507ccde"
"data/textures/icons/group-leader-strikethrough.png","46450","622fb919188d184419f20d70f3cdc2489ae02cffcf6a7e260a9ae522540ec375"
"data/textures/icons/group-leader.png","40663","45538067597cfbd940df78212af32ba45e2326f90c9230c2c40e8ed69b464999"
"data/textures/icons/gunner.png","8407","31e917de4cc043435bf23da6a7631091a5f1fe804c9082da8a9d39b0ea838c4d"
"data/textures/icons/gyroscope.png","42879","37e35a8bd5d395ab493bf0ca49350fd70c2bbcd51f6c412bc339106a1486e1c0"
"data/textures/icons/hacking-tool.png","41598","a175843901dda899fba196f73e55cd1dc90d454c65e16e2f4479c1f24b16e6a3"
"data/textures/icons/halt.png","10739","bba18abc7191770c40fb8913af8d6b3426368de96a42e309d823f060321c1a1a"
"data/textures/icons/handcuffs.png","26503","1dfa0cc0bd793c3b5fe70c81e2bb193e7aaf90f733e1314123fc42136e9ea057"
"data/textures/icons/hangar.png","25476","5844b05c2981b004ea7ac3d8b7575c2f3e27b1d9ea5a582d2e7f1fd2ab826162"
"data/textures/icons/hazard-sign.png","28259","e669e1b674dc88367d1caf8d51e8ea9f1f1d89c077da47201073040712864184"
"data/textures/icons/health-normal.png","5262","32336f4c571e8157d5d1e577afa6c921cf9575e25bfbb5aa8ecc00cd662cee63"
"data/textures/icons/helium.png","23789","1f0f8bffa0c71abea06263f6235e2437c0baf480ebb17fdef233a129c116baca"
"data/textures/icons/helmet.png","33168","2636895b53a8b5fcbc1942b22834d9ac6dbe2dc4a35dec76cd5590a80dfd1ca6"
"data/textures/icons/help.png","40515","d930e135cc104ad8f6509f7b6b34ff43a9629e7bb5ca50c49f3bccb48e7e4cd6"
"data/textures/icons/high-capacity-lens.png","38129","bcb7022d71227754250c937889d96d27f1096506a58156be4dc3d041ab6604ff"
"data/textures/icons/high-energy-field.png","25967","0b12a4454a61e2a9bb97a16789034b3f9978a9b47cdce891b87d8076f768116d"
"data/textures/icons/high-pressure-tube.png","24180","580f29b25eb46948d49f4fa7d274015e72d5fa29e0c06ef70c7cb6c44dad336e"
"data/textures/icons/high-res-photo.png","8463","01b32f3d386eed86bcbdddcd92a05df8ac296c27f93725082a7f1ae792f4de72"
"data/textures/icons/histogram.png","1647","9a7ad87115ba8bb0bfae57e73cfaa8dfe60e0ebb2c81a6489f3ba95b8ac719a5"
"data/textures/icons/horizontal-flip-x.png","4351","b626be4afea9d04c2b97630c81f40d59180985d980ed771e3447c9cd74a88811"
"data/textures/icons/horizontal-flip-y.png","3398","b63d143ae54add48a97a39708d88997280d276d386bc6f1958815469ea773955"
"data/textures/icons/horizontal-flip-z.png","3134","dd0c55e5d0b54ac5314e60bf083609d26669db6dcbdd2126bc6266d4401dd7ec"
"data/textures/icons/horizontal-flip.png","2714","b18904f829cd5e7a1723db54cafc9a8577bafe804863c5779ee1064d0407fe8d"
"data/textures/icons/hourglass.png","13813","3bf7d4c00a536b5e4ff45fb2acb969e8403b3e0bf56af931abf89c1bbf952b3c"
"data/textures/icons/hydrogen.png","21187","09ffa9f54f3a4f80bc5e5d1c85421081cace884b29ae8946b55e1d62e387f510"
"data/textures/icons/hypersonic-bolt.png","26120","c5a6f37d51b307a29779a11dae0b849f418d045f98a4fd3abd9b60214a14f5e8"
"data/textures/icons/hypertradingsystem.png","73242","8766af6f3d8f829d41d3c7a5ace85161bf34d9e3c71f4f0230200459348438fd"
"data/textures/icons/i-beam.png","29117","b82cfd01e899665e69795e6cc9fb2d85610d77e06c6fba08c4b2c8e7752c914b"
"data/textures/icons/identity-thief.png","30248","b128cfa9be8eb07a7ffb2da746bdaaf465f79e8e2eada262d17b539303813c31"
"data/textures/icons/inactive-gate-extraction.png","16472","974b801fc891388b51e3faa2d5c3808f5317e204a81ec3e042b1a18bbc45b4f4"
"data/textures/icons/indicator.png","5107","b66a9dddb193d7567f1ec0c3448e2d6d542183cfeb00fe393b44983e060246fe"
"data/textures/icons/industrial-tesla-coil.png","13696","e6ae857e98f9b352d2cfa9d3cb2c9c9b9bb71197f267af19939dc2309c5e878c"
"data/textures/icons/inertia-field.png","77318","c4257b787b1c0b58181191e9d477830a4dbc9923077ccbad8f64b78b3b9100aa"
"data/textures/icons/info-chip.png","14671","6cddb1053f1955a2da7c40dafbb2e10ace3cf778f35b13c82bab121579879599"
"data/textures/icons/info.png","28719","0a1a1beb44e72551a65b8dd00f737077e1d7378b9cfa9d4db669093b1194d120"
"data/textures/icons/integrity.png","30946","a3ae5ce29b5973218ea146a3098a6f9a6bbe16563de0aaa332bda778a1040d19"
"data/textures/icons/interceptor-hybrid.png","32748","657bd56d1d2062248598e1fc07cf8e4e9e357367fa9b14a4eb94bc4b1c0462ad"
"data/textures/icons/interdiction.png","22806","43de033dc354f78539c9545e1aedf811b1ee3d41079059cb9d2954abcc863147"
"data/textures/icons/inventory.png","40811","5ebe383f9638704ee8bede3729f14b80c0df6cdfc4172571ac30ac07e7b0a4aa"
"data/textures/icons/ion-interference.png","45960","4f48f8026241cc7f411ca4e4b11232fcd34f52780c841c123125f53b48577e9c"
"data/textures/icons/ion-storm.png","59019","2e8b051111796095330169905c4e66448f46f79523e8820c017ace23c72a300a"
"data/textures/icons/izzy-package.png","38008","1e6abe81f79c0a512d5327621f7cf51af0e0d472077e164f9baa48a244ab219c"
"data/textures/icons/james-bond-aperture.png","27172","7d5d2fe2cad157f16d3b9e56427f42a1f431214ebb785a2e9877109c11f63f9a"
"data/textures/icons/jigsaw-piece.png","16782","cbc9ec3449ce878b0f15d9c7c883f7cdda357a55a1b48e695fbfa236e08faf74"
"data/textures/icons/kevlar-vest.png","33341","2dc55acc092cdf822e91b0c84a52d881289104da2dd29072c62922854cad9472"
"data/textures/icons/key1.png","16266","7d70db97fec214bd20d3cb528c94d632dcb779a8ad6ec50dc556b940d8d399fc"
"data/textures/icons/key2.png","9054","2ffa21e6dff3035e4a071979bb5b1682c54d526825983d8faad62729ad285501"
"data/textures/icons/key3.png","12245","6fa809e52b1bd5e1a2fe2842e25ba9a551f725435277ede292512a874c97e34a"
"data/textures/icons/key4.png","12637","20fbb87822b3e47ded38822f8309d4394f34c0c8e782cf74b3aa7243cefdbedf"
"data/textures/icons/key5.png","12706","6fb6a40dc14ce57439ef34bb2b9fbf8cfc9685123361056a79c77dd70db4003f"
"data/textures/icons/key6.png","8214","1d0dc80d8e357cd450fa65f581af5c3145a394503325518e5220e20ae9a1e771"
"data/textures/icons/key7.png","10269","462a1304a9f9233d395d2615c838bcd62da568d78c451185b860c6a448494488"
"data/textures/icons/key8.png","13175","a0c8da77a24fda037a893cec746f1fde6be40501724ca587d7adf8cfeba96622"
"data/textures/icons/kilo-tons.png","17634","fe3c83ef4c7b17f8d76969919f0d4ae11c2cc9ba617f61d6e1cc420de71181c3"
"data/textures/icons/laser-blast.png","31718","396cbb13ca426e02c859ec451ac8c69b587c9a8dd6007a4c9d07de1064e64687"
"data/textures/icons/laser-compressor.png","30134","f586e28de676a42ab8a29e32c9553117353c5683a1b7de82c80f9fc7a542d65b"
"data/textures/icons/laser-gun.png","31718","396cbb13ca426e02c859ec451ac8c69b587c9a8dd6007a4c9d07de1064e64687"
"data/textures/icons/laser-head.png","21576","e4ceae1ef077daefb53c7c6ceb6e6ff7248844e0a947118eec1de805f14583b9"
"data/textures/icons/laser-heal.png","14019","a5698aa20d9d711490b0413dd8e93703b794df3d1cab10d9fa6b50a2bcff588d"
"data/textures/icons/laser-modulator.png","11141","00b7dcf004e136811622f92501f08bd423f555367487a0a30182c76680d253d3"
"data/textures/icons/laurel-crown.png","41952","ea6a960870df6a0d4d0efe252b67cd1dee600d6468f8845fa691a5d2ec058d25"
"data/textures/icons/lead.png","19302","a09ac4fa0608e873ce8165e84c14a9b43909043a8bdb0d9b5300d24f67e515ca"
"data/textures/icons/lightning-branches.png","20314","5da971332050151ba86d5457288ae475d09a248a3d8e0e2b13b626fa60a5c0b3"
"data/textures/icons/lightning-field.png","29499","510a4ead2c119d54ef37f06a5149591f931f180239c58dfe19a18de3c64dcbb0"
"data/textures/icons/lightning-frequency.png","13742","cfc4b6609bc474fe16ee874a6680049ddef000e5dd8fa34b50feadd108bc005b"
"data/textures/icons/lightning-gun.png","20314","a518a549abaf2e010ba16b9ad39e9613c17a205b2024ebd876f1622a49256a26"
"data/textures/icons/lightning-trio.png","22994","3a658d14d16fc1241c409090113b350aa3799024c177846b1c9960a41a46707d"
"data/textures/icons/lightning-turret.png","39701","22cc91987f7071e01c14ec722fa44e0cfc80c903bc6c5949b915ee524db9e86e"
"data/textures/icons/linesa.png","186","f363e24c3b74a412e4569d22868953e82dc342a143cea7bcecd2a45f785f4199"
"data/textures/icons/linesb.png","184","64186dda058ee968a6d6a982de2cdd374e645af6334cb07ec5451a49fad41eb9"
"data/textures/icons/linesc.png","186","930c6ab116e38bfdf312489d65fb18a4ba3c414d11d67b38171ffeb113f5f6ce"
"data/textures/icons/linesd.png","183","2c3a283f4d53e6d5c1c990d1326c20a465b87a29863bc745cd6484154ff12597"
"data/textures/icons/lock.png","14232","90d0b1cbbbcd309a2cd38f400b06b12fd0e44c8075fffff67d292468c60997c3"
"data/textures/icons/log.png","24076","543a59636011e2dd3f4fba449ca521b8bd3900e126447870c5e99db341be7825"
"data/textures/icons/look-at.png","21603","56dd149cba8bc102d5101dc1e365a1cfb9f170ce8bf99bafae191bcd48c1a6d2"
"data/textures/icons/loop.png","8204","16500ce8028991fc90434ec856f56205b96f85216370902cceee15212ed2ad3a"
"data/textures/icons/low-energy-field.png","26419","8d5aaa4ede9eec2e4895b63f4103a48677d2859b02abccc8db68b3ad7093e0e8"
"data/textures/icons/luxury-food.png","42541","453c5841c6d94c3367fb6be2445bb4bf6d8e085372c51e6e077d022ab6852bc9"
"data/textures/icons/magnetic-interference-field.png","54102","c354a478e927137bab08664f8706c4242bc2eb9f7c86d4e558de8ed519ead0f0"
"data/textures/icons/magnifying_glass.png","29561","e2f3b0eac96de1091a37c07cf7cc331e0e03f1bc855394c178dfa24eeeb60c0e"
"data/textures/icons/maintenance-command.png","43717","6162f72b22f5176232a5299bda6772874bd62301d77b91e51f3af6f34b2928e8"
"data/textures/icons/map-fragment.png","6443","3f36a72ea9a6bde336547a7eb6501bcac57e42ac3a09ff5379ca1dae2a3de249"
"data/textures/icons/mark-as-trash-window.png","7912","b95bd1a927e39afaf724aae8812ac71818c370500d82d6c4b8111257007b4f53"
"data/textures/icons/mark-as-trash.png","5659","f2fdf8d7e284002ec70617fd1f2768da317a67a347ca9e588c2ce2238571e4ac"
"data/textures/icons/marker-buoy.png","24301","55a9a4b7f9cfda7024a1b257b199681215d84c3ff4b1277b0d870d3a43bea840"
"data/textures/icons/martini.png","18349","489501b038ae1cff6af5329d12c1c0665d60e6d9a58bdf99627aa80019864347"
"data/textures/icons/match-block.png","1888","cb596bd8ec72c3b43927cd1fd0a9644d6a2adff29c750373e00529232936527d"
"data/textures/icons/match-shape.png","2796","051b135fa3d74b5b7fde2c361af1db8a1746090b866818dd365cf47b43dd780a"
"data/textures/icons/maximize.png","16816","b23f617402b385e605b1717496169891ffc562e5883a2a6cebfb5a56e06294bd"
"data/textures/icons/meat.png","28366","c65428e785e02f799861fe3ad137205b7e9dfa973b9a0d6bbc8fa973847c5823"
"data/textures/icons/medical-supplies.png","37507","550d6b5aadfdf724255178dc7b760b919cf322d5e1759533deca26d9dcf41ba6"
"data/textures/icons/merge.png","1847","300aef53291267e9e869ab41be0aebc90cef0d707f65b6acd7b83a9c3dba7f3a"
"data/textures/icons/mesh-ball.png","35955","f6123f05514f4def843f09b5067597f7d0bd448d32dd4a58d7b5b8e7a09230f6"
"data/textures/icons/metal-bar.png","22257","49cdc96854a890883eab18163113b907a5cc1bf03d8682e69c9bfbd40952f511"
"data/textures/icons/metal-disc.png","25256","bb419d19b151984e8864d09614673c83c7df61c04018ade91f23283692dc8008"
"data/textures/icons/metal-scale.png","9868","49e994f7f53ff79b7370b0ea3654485879fdc70d7e3c845001ac6f7a4d53bdad"
"data/textures/icons/metal-scales-plus.png","15285","8e7f1c875dbcb71b73ce2d393d363c4374d5f79dd9af8012e3cdff8cee612861"
"data/textures/icons/metal-scales.png","23289","73c424358512e0071bb3962239073648328f4725dbb118eed0861ffa938c5160"
"data/textures/icons/microchip.png","5560","689664a44b218e77952e2ed54cda17a357d0c8a8fcc17fed0c35e9aef3293561"
"data/textures/icons/milestones/0-0-locked.png","6631","5316a3cecc669750befe357d6a86b6c95875083e483bcb12097671be19ee3ffc"
"data/textures/icons/milestones/0-0.png","7075","8a729db53efd581cbd0d624764f82c8d2081cc39c821eafcf9dccb8f328cb55c"
"data/textures/icons/milestones/ally-locked.png","3858","bcff58f9a6330c8d61a0ce25ed60dff0d3c0baf535573264c45ae92b3a3e4dff"
"data/textures/icons/milestones/ally.png","4540","0aba45ff05d971105eeed289b491de1030ee0267a758b46c5716eab781f8c91d"
"data/textures/icons/milestones/any-xsotan-artifact-locked.png","4040","ebb217821b6186890671c6c9002732d3010f3a2f8bfc3edc9fe7efa6e059c276"
"data/textures/icons/milestones/any-xsotan-artifact.png","4617","83a4019a49c596e8285fd6b99faaf86d6da997e53191e32baa8f57b0155a682a"
"data/textures/icons/milestones/asteroid-shield-boss-locked.png","5359","f607fee8c4a919dff52692b25c0c5f81c4565c34090847f1a3786d89df4f1759"
"data/textures/icons/milestones/asteroid-shield-boss.png","5244","9bf80baf47ea7e47a94c4b59d8833209a4613f50b8bf90395c9c09bf2ef66cf9"
"data/textures/icons/milestones/avorion-knowledge-locked.png","3130","d5323ae9e45cc9da860856b15b143da198488793b1ccc13b9aeab51bb03d79d6"
"data/textures/icons/milestones/avorion-knowledge.png","3508","71d002818d725c7bb422174e118f6aea4da26ec5a6a9ecaa3933fef31daa5ebc"
"data/textures/icons/milestones/avorion-slot-ship-locked.png","3929","41b71e02189985fb717f39b0830b88e73aa141f8f9e56c6bd466b9e93a746b5b"
"data/textures/icons/milestones/avorion-slot-ship.png","5416","bf270d1d2606b5ecc68524c0f69d270077dd97e62a141bd0db261c7668ccaea6"
"data/textures/icons/milestones/big-ai-boss-locked.png","8212","5e200f688928d0fa54525b2f40fde8ad958f424a52bd35f9df6073d4e30131a5"
"data/textures/icons/milestones/big-ai-boss.png","10382","cfe85c945a19679f08aead84d94dc59ba6e4cf97170418dc2fd7432e742d7298"
"data/textures/icons/milestones/board-ship-locked.png","4720","e3da12af15e31bac6aab427206b65d40381dd3554243a9d57fffe8beecf4c3ec"
"data/textures/icons/milestones/board-ship.png","5614","270da9f1f9dd67a3ef411d063f9bd2b32c5614cd66f007030109baa962086af3"
"data/textures/icons/milestones/cargo-bay-locked.png","6693","e4aa3754ed9b13217dfb091a8a96fefd29260ba17fa368a35a6735032235a032"
"data/textures/icons/milestones/cargo-bay.png","5972","897a6e4856f9794d85f46017e5b62fdfb3484b0dfe359566188b539882f5cbc7"
"data/textures/icons/milestones/claim-asteroid-locked.png","4183","ed0d78adc6bb07e54f7ee0a749eaea88dffc95f8ae3bcf83a0b9faccb8b892db"
"data/textures/icons/milestones/claim-asteroid.png","3308","d08788985554a4f9c4f2455edf7bafe1b14abbeebb61625df142a4191280e3cd"
"data/textures/icons/milestones/clear-pirates-locked.png","7418","021e91487da264aaa9e40ea2da9b61037ae365de63cae809c0fc1467d8a3f82c"
"data/textures/icons/milestones/clear-pirates.png","7152","20ae41727933b45918d42d3c13e6238e7601b35cd73cf507b9bd86fb3c29791e"
"data/textures/icons/milestones/collected-avorion-locked.png","6012","57fc5d32972a5629202cc70b7585dad9a6f578809f934ee905bdffe6f04752ac"
"data/textures/icons/milestones/collected-avorion.png","6366","4ec89928d168f751a60fa102d35853b6a145e08cadb71947a0910aa98d3090ae"
"data/textures/icons/milestones/collected-iron-locked.png","6012","57fc5d32972a5629202cc70b7585dad9a6f578809f934ee905bdffe6f04752ac"
"data/textures/icons/milestones/collected-iron.png","5610","ad71a88e383b4041b419dfddc572481d46491e913a29d7d5e0151879a8505085"
"data/textures/icons/milestones/collected-naonite-locked.png","6012","57fc5d32972a5629202cc70b7585dad9a6f578809f934ee905bdffe6f04752ac"
"data/textures/icons/milestones/collected-naonite.png","6446","39a166e9a7ae2fcc2b0f78238c3735b061879ce170cd4ac3689f3c72f3e1d9b4"
"data/textures/icons/milestones/collected-ogonite-locked.png","6012","57fc5d32972a5629202cc70b7585dad9a6f578809f934ee905bdffe6f04752ac"
"data/textures/icons/milestones/collected-ogonite.png","6393","02ed9aaa8aff1f81d7d6f4b0b44778ca47388d108ab3eedbdf25db451f38fd13"
"data/textures/icons/milestones/collected-titanium-locked.png","6012","57fc5d32972a5629202cc70b7585dad9a6f578809f934ee905bdffe6f04752ac"
"data/textures/icons/milestones/collected-titanium.png","4386","3e71fd37976643f9a8c40a45a8bac4585ad15f0088a0e227b4bfd790eca72256"
"data/textures/icons/milestones/collected-trinium-locked.png","6012","57fc5d32972a5629202cc70b7585dad9a6f578809f934ee905bdffe6f04752ac"
"data/textures/icons/milestones/collected-trinium.png","6368","8b641377d53982cad9782541e97624fe4cae64d202b1e6bd8c31c1f17a574bef"
"data/textures/icons/milestones/collected-xanion-locked.png","6012","57fc5d32972a5629202cc70b7585dad9a6f578809f934ee905bdffe6f04752ac"
"data/textures/icons/milestones/collected-xanion.png","6199","01b6d7929acc64eec9183ae7239f7181ab6c7dba726ced4abbb03f7afb41d526"
"data/textures/icons/milestones/corrupted-ai-boss-locked.png","8301","d460613199362b7d8d0e73d46f67bf4c570a8e3abfce9a7906dd9b2b676d38e1"
"data/textures/icons/milestones/corrupted-ai-boss.png","9376","8ec8c674e33a60adeed76bcbf6318b81455be7826e23f743e9245c3d6b6d6df6"
"data/textures/icons/milestones/crack-open-container-locked.png","9053","beb7e17bc247cdfe1b4f0f6d87fa542e53f90554215c58b0c122d62ec0441a3e"
"data/textures/icons/milestones/crack-open-container.png","8191","b42d92a16edc67c34027bc183e8e5c6067dbfecbf77f2d1af573bdd328a8c9eb"
"data/textures/icons/milestones/destroy-guardian-locked.png","6904","c3d445c55bce9725282b7c2155f3d749b9ced3862afe5dc9ed2cf38fbb9f2953"
"data/textures/icons/milestones/destroy-guardian.png","7020","0d3082e139fb64da303eec3836dcee39a8b9f89b9fb708fb45feca9ae9e5e561"
"data/textures/icons/milestones/dlc-coop-rift-locked.png","3792","4cabbe6d0c8d44107d8d99ce9197a144d1f353edc1647b43b91e80d200975dd3"
"data/textures/icons/milestones/dlc-coop-rift.png","5306","466463907686c62a9bd6788ce156b4cf5b3ee8e092733de830235963f4029001"
"data/textures/icons/milestones/dlc-finish-cavaliers-locked.png","5344","238fe704e9dda689e07f5b3147b2f1ed7ad632d1e4b806f4fd27e0f597808666"
"data/textures/icons/milestones/dlc-finish-cavaliers.png","5884","bed8753749ec691940dd61d26bdcb44c531be801d783d3e9dbb2617bd55ab5b3"
"data/textures/icons/milestones/dlc-finish-commune-locked.png","4425","3f58019b73d501efa594399dbeaacc06c5604a60b39b3f02b1743803cd60d3ac"
"data/textures/icons/milestones/dlc-finish-commune.png","4884","d094b3913190a369085e2ad2de220282110754ba4e4bbbc8c316eff36cbad8d2"
"data/textures/icons/milestones/dlc-finish-family-locked.png","6294","69238d7e8d650e870a1ff33b44a5635cf8bec1683327aa985710e2a0c75bdba9"
"data/textures/icons/milestones/dlc-finish-family.png","6631","1bac8c46206001577c54ac6d46f944bca8dd3cf98b128459bc770a0f587cbcb7"
"data/textures/icons/milestones/dlc-gang-up-locked.png","12602","e20a4e60e0c947eab0c22e212c6d3633c673b6eb1e692d507f67ffeedf108021"
"data/textures/icons/milestones/dlc-gang-up.png","14464","883961af3a5d63b35d0ee177c9bdd1286ad4914eb53f5ca6d39ebda8ee4a45d7"
"data/textures/icons/milestones/dlc-into-the-rift-locked.png","3701","46d5068a4d582ca6f54fdf28f3f42e9cb212261f8c417396118d8b62ccd9550f"
"data/textures/icons/milestones/dlc-into-the-rift-story-locked.png","6779","602376a9fb486eda695cd10eb8b1e0dbc334bbb8036c3deff8031e124eb2988c"
"data/textures/icons/milestones/dlc-into-the-rift-story.png","7820","19201384233611dca874ae92191433a6871ce7c38b60c98886cbc039fdb17353"
"data/textures/icons/milestones/dlc-into-the-rift.png","3828","4d6cc2634e6edbeed3dc56915103f9a5d107d0ebb8f17ddccd4cca1fbdb8cb33"
"data/textures/icons/milestones/dlc-meet-cavaliers-locked.png","4304","89cc9b7ae0ee8abcb5d6bc7bd41228b7ff44a51d9f921e4425a3035d14b457da"
"data/textures/icons/milestones/dlc-meet-cavaliers.png","4868","03134492ac516faa00fa7b1d8d0620c0b956b6bd91642cda0fcab087233be13c"
"data/textures/icons/milestones/dlc-meet-commune-locked.png","3521","9637dff6cc7a4b160e505afbf4a058bc958c59fb8b87af5e05218991ddf5eeb1"
"data/textures/icons/milestones/dlc-meet-commune.png","3914","8233e53b778115027b776d823b1ae861a60c088a79c937e60ce72014fd3ab84d"
"data/textures/icons/milestones/dlc-meet-family-locked.png","5505","91cdd8655cd73c6482d751138b1be311123ec577f6ec163a421be37fddd0b460"
"data/textures/icons/milestones/dlc-meet-family.png","5910","4b724f5594e6218fdfc244566b8b4d45a72a04fffa44c5a46ad6c1f96938c2de"
"data/textures/icons/milestones/dlc-meet-izzy-locked.png","3896","eb93565f2d86c70c59750b37bc50c254f952befd68f7005e7011027dc06a9c84"
"data/textures/icons/milestones/dlc-meet-izzy.png","4455","1185a7f276b5f37e878d238fad3c39f5e280d8fe6d67e6a13cae1b6c41b76974"
"data/textures/icons/milestones/dlc-overstay-locked.png","5835","0569e544e38e445b33a1f2758485df80f534ec01512f39ffe80e5729d2fcd2d3"
"data/textures/icons/milestones/dlc-overstay.png","6885","b4d399948a043e534ebe573132345ab9d7bcc3456e1a0837e1c4068a0a496f59"
"data/textures/icons/milestones/dlc-rift-depth-75-locked.png","4863","564f7025c8c35e8ceeb24ff7f9b24a280da5cb05e6b67c29e9493d6b3c54f865"
"data/textures/icons/milestones/dlc-rift-depth-75-small-ship-locked.png","6035","8258f312f73ee6a1f1503253e922d77feafd98c04cb03e50e1249d8a490d3f29"
"data/textures/icons/milestones/dlc-rift-depth-75-small-ship.png","6677","15458c3c3f623d83794c2ee29969778643b702919ad5b91013b9abaf00c5c240"
"data/textures/icons/milestones/dlc-rift-depth-75.png","5232","8e6daa653285441b7229934c5510fab740276cb0628b8164f840bc21775bcdcf"
"data/textures/icons/milestones/dlc-save-scientists-locked.png","4486","edfed6b2cd1f8359a2af6aea616129044ac2cc3b00d12d5df6c10d033c3828c0"
"data/textures/icons/milestones/dlc-save-scientists.png","5261","11d42b3e0ffb318d622c5d0d1347db69a5f64a6209fc0f328a1faad43e940bf2"
"data/textures/icons/milestones/employ-captain-locked.png","4664","f04a0fd9fd74f8a9d9a071ff28ca02a3cd0ae86fd2824aa25b975a6014bf74d8"
"data/textures/icons/milestones/employ-captain-tier1-locked.png","2880","879fa6dc1871226252d9dbc6781f52cfd339b01135cd52f39814175ce7c730c2"
"data/textures/icons/milestones/employ-captain-tier1.png","2827","d40c83b58736738be035dc998f972804dcad219f64d518c49157ef08cfbbc5fe"
"data/textures/icons/milestones/employ-captain-tier2-locked.png","3174","ce29a0bcb8c4b3c2afb5d1f52262a593053197706e90aed64855fb2edc74f1ab"
"data/textures/icons/milestones/employ-captain-tier2.png","3210","f25d1a6fc90f32ab266a9104e5c5af546a0d37b2476d8ca2bbbcec5693e6d711"
"data/textures/icons/milestones/employ-captain-tier3-locked.png","3317","7dca305748db9691292522732fa6cded76784246c12f2eaf70f11b36d0d088bb"
"data/textures/icons/milestones/employ-captain-tier3.png","3428","5d1f6c7e57836d439ec5f9db6d51a404001752c0b2517074656a4aa433031ac0"
"data/textures/icons/milestones/employ-captain.png","3516","6003b32dfb90940b5556d8553a78c3448bc0104b73d6de0231a128c3c0a72caf"
"data/textures/icons/milestones/encyclopedia-locked.png","3539","8e11b8b58ca4f2d08dbe82e678b10b5f0372853413fc820ea908bd5962323f45"
"data/textures/icons/milestones/encyclopedia.png","3805","acc7b6269159f1b4284620df72f10c115da76b2f6760aea2f9555c49a0a1c589"
"data/textures/icons/milestones/fleet10-locked.png","5782","3e1d8ea018e70a7f049baa512e6317c74faa1bf0be472c9ab1b1105d21a57b27"
"data/textures/icons/milestones/fleet10.png","6391","fb56117cfe41d57d34553a20cdb03de5fca1583c68eb20e6a0b7fd8ebf2af998"
"data/textures/icons/milestones/fleet2-locked.png","4847","0353bac3ad39a0e2842cef937eb015510f2ec525e8bf8527f16831be6824d6cd"
"data/textures/icons/milestones/fleet2.png","4221","82d9ea888fead38c8f1679cad4c84dd65afb6d8466b965bb0c6dbb53e4d09c34"
"data/textures/icons/milestones/fleet5-locked.png","5983","2995be51c27134e64dffa9786e13d10cece7c433b160062f41be2f124181679a"
"data/textures/icons/milestones/fleet5.png","6761","1dc4a13e4daae1d066766ce227e2954f5803ba462239597fcf2e439b874cc187"
"data/textures/icons/milestones/found-mine-locked.png","4555","5bd1d731babf082140db80c8f12471af9e74ea192f6869276901367784d89c7b"
"data/textures/icons/milestones/found-mine.png","4968","565cb3bfd41c899262055dccc552a057932d71bfe25bbfb9a136e2d2e02d1a95"
"data/textures/icons/milestones/found-station-locked.png","7912","26a06db7b3e6600ee4c55de8a6b7000ac6aeab41087f38591f1b9aba360e2757"
"data/textures/icons/milestones/found-station.png","8101","fb1461c5434b078625416e0c227f0f997fc90a726fee2603bb4b894e72e315fb"
"data/textures/icons/milestones/functional-wreckage-locked.png","6301","af1156accd948a482a20918235d65a20c8b0e5c57c4fddf595894c47d7aa514a"
"data/textures/icons/milestones/functional-wreckage.png","6844","5bca3f418ceb33ffee2e0bb2e0642849c3e1cdf551879c7a5e0a2c31364b4965"
"data/textures/icons/milestones/hangar-locked.png","2674","73affe05c3478ec5458cdb3cd91481b5e41ac87f95491f695cc17f7d4cab41b4"
"data/textures/icons/milestones/hangar.png","3355","6960d0040a73143debf86fd132b4c720ca0667e0b2fcbcdedb1b5eb9957eeb4c"
"data/textures/icons/milestones/into-center-locked.png","3914","2eb3156e5111abc1bf0514adcf49eb81ba2ccf7aeb4f5d626a233a5858a9700a"
"data/textures/icons/milestones/into-center.png","3575","2d336a58c6368a709ee1bbba3ae31ba1ffe3ba3c624de4af0d3d123dbcd0be2c"
"data/textures/icons/milestones/iron-knowledge-locked.png","3130","d5323ae9e45cc9da860856b15b143da198488793b1ccc13b9aeab51bb03d79d6"
"data/textures/icons/milestones/iron-knowledge.png","3646","6a9dccc52330f56e1554dcdc88ac385240fcad2916851c4564fb0fd5068789a4"
"data/textures/icons/milestones/jumper-boss-locked.png","6922","eb1d2a00ae0dbdd35e8b75154a723088a62f0e25d4a36fd3eca3ace5af01b232"
"data/textures/icons/milestones/jumper-boss.png","7032","72ccbe4dbdc974b1205458e028b1deb09ef1ac0bb5514eafbc7d480aa64d002b"
"data/textures/icons/milestones/laser-boss-locked.png","4844","e0d0a32b9f60c1f4289ed5dea377490f2db1f0cf0347ee7c664fe228aa13ee61"
"data/textures/icons/milestones/laser-boss.png","5085","c4393caaa28dd12870257f04ea1b8d2483ff28870c4a016345c604858929a065"
"data/textures/icons/milestones/meet-convoy-locked.png","6999","0f8499d4101977401fd85f48e1740d8c1b64f9e14317eded2159a60ced0fccb7"
"data/textures/icons/milestones/meet-convoy.png","7623","ff82a9607e76f7bf8cafa2b703253ac82cae0135314031e5364fae862416b82d"
"data/textures/icons/milestones/naonite-knowledge-locked.png","3130","d5323ae9e45cc9da860856b15b143da198488793b1ccc13b9aeab51bb03d79d6"
"data/textures/icons/milestones/naonite-knowledge.png","3499","46c7faedca1f0258fef3185d4941fe3e0af45e9b4caa67af822a8005e2e21ad0"
"data/textures/icons/milestones/naonite-slot-ship-locked.png","4017","89d2a0733ff7fface25e56c004e982c84a1e2bb7ff5bfcebd4e753e7b7caffe4"
"data/textures/icons/milestones/naonite-slot-ship.png","5483","b6c2c817b77e2d4e677d45dc77326fdc0bdfc3e1478ba3f9e5ae3c7ed4fa8682"
"data/textures/icons/milestones/ogonite-knowledge-locked.png","3130","d5323ae9e45cc9da860856b15b143da198488793b1ccc13b9aeab51bb03d79d6"
"data/textures/icons/milestones/ogonite-knowledge.png","3564","62fac66475554d7c06d5491fbad810e562bb39c8dad0eaa4332706d42d3f3bf3"
"data/textures/icons/milestones/ogonite-slot-ship-locked.png","3956","fdce32806e74cc6457bc1b795a4bf10276e416709582287a1d9afb5e4a238437"
"data/textures/icons/milestones/ogonite-slot-ship.png","5899","3245b224fe08f05470bbdc57b0f1f8145cef1076dd3d107b98575bf386c2c340"
"data/textures/icons/milestones/question-mark-locked.png","1236","b9f105b88eb2fb980c0c2ff8e33b39bfc0a15728a4f210d9b07469872bdb4dc0"
"data/textures/icons/milestones/question-mark.png","1385","51e0510cd7f07aa7373658020fb5644f1551ad67318e2713563166a6277df4ab"
"data/textures/icons/milestones/r-mining-laser-locked.png","3640","438c348a34540bb5153c70ac0a9387849b98a73efd6e4c75b367a8cecb4f0359"
"data/textures/icons/milestones/r-mining-laser.png","3249","b118ff2b54aaf4ea1b88dbdfb15b53224f333852c7f372d6b94d554a2e711267"
"data/textures/icons/milestones/r-salvaging-laser-locked.png","3824","cebf126bee3f50c427349c10e78df2c9cbd85ca2d908228dcf01ebbcb69498eb"
"data/textures/icons/milestones/r-salvaging-laser.png","3510","8a773eeb4eed9f62113cda4f2e3a09f759cc6a47b130e2afd9aa57e992c368e1"
"data/textures/icons/milestones/reconstruction-kit-locked.png","1054","666fc3c6fba70fdb058dfb1ff16e54f2d542488adc052b1ceb11bbfcbca99f67"
"data/textures/icons/milestones/reconstruction-kit.png","1948","4edddacdf2073ceb930c9f0e3cce074c8234294037eb80f90691c0a87114baa5"
"data/textures/icons/milestones/reconstruction-site-locked.png","5124","e085ae2f3a79b2b6f7922bee8ee61477255b043cf3a4f4ab789d8395f099acae"
"data/textures/icons/milestones/reconstruction-site.png","5568","bfd4d04aa0d91f7cb3c816b14c4522cf34b5a4569e054ec8984ab330997c7f51"
"data/textures/icons/milestones/refine-resources-locked.png","6445","e8ed297301bb434875a90fd0dab9d55117054b9b447847630c677ad7c28d10a6"
"data/textures/icons/milestones/refine-resources.png","6769","43e14f0ff6eca459660bda6be8d95a9ebcca387daaf33642b86a30e022646a59"
"data/textures/icons/milestones/research-locked.png","2814","f9f6b29d5fc628de09e9469a3ee60d193866f59eff4b050dbff0a6786d235192"
"data/textures/icons/milestones/research.png","4373","1552bf081d76b94ab581e98f94bb101b25b040651b08957540148e4646909143"
"data/textures/icons/milestones/stash-opened-locked.png","8839","db9940ff354c3ad6d05ed5901b221b8f16941ff82e0c305560fb1d595f7ef5b0"
"data/textures/icons/milestones/stash-opened.png","7731","2c15640a83d807ef56384112284c9b977b2ebca063b690d1b73985ad01abf00b"
"data/textures/icons/milestones/stick-of-doom-locked.png","5383","3c437c814740ae8992307ccda7e27bee1f9ce77b5fe97003ab3c0cd56af9ffa1"
"data/textures/icons/milestones/stick-of-doom.png","5757","d886ca2ad58a6ae8cfed965c840b277b7563444af90c8fb58a6bbc5c9300b9d0"
"data/textures/icons/milestones/supply-chain-locked.png","6407","af330091842df5d0299a60eba9e6d20cbcf22f906683db45839357f8b11e87ed"
"data/textures/icons/milestones/supply-chain.png","6299","59677daa67145841f88360a1242b4f87796191020e81805dbaa7cdb92e529378"
"data/textures/icons/milestones/titanium-knowledge-locked.png","3130","d5323ae9e45cc9da860856b15b143da198488793b1ccc13b9aeab51bb03d79d6"
"data/textures/icons/milestones/titanium-knowledge.png","2412","5e7174b1eff4c6b5a1eddc27a38a37cfb08bf61b5b309fb8edc0675e589cba8c"
"data/textures/icons/milestones/titanium-slot-ship-locked.png","3539","1d251cb7ade29fe7dd2d14070ebadb63cd12ed756c6766778d8085746d2a904d"
"data/textures/icons/milestones/titanium-slot-ship.png","3640","ee628ed288398d64042f3c0427a4637c8380a18d085db88792d0af68f5f35c3f"
"data/textures/icons/milestones/torpedo-fired-locked.png","3526","559481fdb4c36d936c681b901e34947b077be81e5a7c69de1b76572dbe5173a9"
"data/textures/icons/milestones/torpedo-fired.png","3777","663cfffeb978bc2aefa8ba27fe663d1a39c86269f158a7124c437ed9488539d7"
"data/textures/icons/milestones/trinium-knowledge-locked.png","3130","d5323ae9e45cc9da860856b15b143da198488793b1ccc13b9aeab51bb03d79d6"
"data/textures/icons/milestones/trinium-knowledge.png","3601","b2cd41dc0b0a9525d3bbd240d32536d795c8e566a2394308ee5949e39af59d15"
"data/textures/icons/milestones/trinium-slot-ship-locked.png","4171","0049d7f1364a515ce9b907a075c00ab31ca7e740efcfac55d24b56fb82fcf4e7"
"data/textures/icons/milestones/trinium-slot-ship.png","6011","aa2c0c9e210bd48b827dd9b5d75fc72d514342a9aefae3c2a5d2dc6ecb9ef276"
"data/textures/icons/milestones/two-squads-locked.png","5127","6b515457ac06f36429ac248e5e63573177295bd97cc5b83c881b34c34788fb47"
"data/textures/icons/milestones/two-squads.png","6691","1ed17183c3fdc821010abe5c23712d4497c24d80727f009faa22abdf07a4ed81"
"data/textures/icons/milestones/xanion-knowledge-locked.png","3130","d5323ae9e45cc9da860856b15b143da198488793b1ccc13b9aeab51bb03d79d6"
"data/textures/icons/milestones/xanion-knowledge.png","3496","ea77dfb9bb6a267694be732edb8e8c8fc07477e5fadc42c141e7e7a730787d4b"
"data/textures/icons/milestones/xanion-slot-ship-locked.png","3998","0a51544ae6fb332dcae86b2d840ebe230696aa21cebb4fc831b1697af589ffd4"
"data/textures/icons/milestones/xanion-slot-ship.png","5515","f525fbb188e5e1d8f073f4b3abda8f865a3d2b0482d8b08942f8e6e95bffcaf2"
"data/textures/icons/milestones/xsotan-artifact1-locked.png","8452","c83f72ecfa639a060397ae1fbc3ebe7595596ed91d6d3058161c09336e671da5"
"data/textures/icons/milestones/xsotan-artifact1.png","9572","e584cf680cf12102e164c5f0f0bff04824e8f562c53310cd41c3e997f493f1b6"
"data/textures/icons/milestones/xsotan-artifact2-locked.png","4197","b02d8d75fdb8a0a5e7f314e641c64238732099c14d718724473bdcfc417e489c"
"data/textures/icons/milestones/xsotan-artifact2.png","5478","04c754c1d439edac4a398611a2e928e2a53c009aef4c20964c4f9886a9b517f3"
"data/textures/icons/milestones/xsotan-artifact3-locked.png","6384","d8655e12a916debc077ad4673eb6e3945db6b5c603d3852d0107bd0f543c950e"
"data/textures/icons/milestones/xsotan-artifact3.png","7036","e7d2b6c5f208eb8eacd4a964372123971247d690ded5a2263a2e597b0bffc3ad"
"data/textures/icons/milestones/xsotan-artifact4-locked.png","7218","09b06ec56722ec477ceaf8d33995cdb33daf40b443bd8c74254f56654c41efc8"
"data/textures/icons/milestones/xsotan-artifact4.png","8344","847c361e2330bb7c1d0753e96cecdf42da82ef6fa9e2baacfaf55f0ff2e27467"
"data/textures/icons/milestones/xsotan-artifact5-locked.png","7015","56a35a7c90ed5114a17f7611689ef661760ea8025acac07cc02d2fe269c3f7eb"
"data/textures/icons/milestones/xsotan-artifact5.png","8048","d32bf9c795e9ab9e66585b24bba0f63891102f61bc7d3f99ecb771f012d37626"
"data/textures/icons/milestones/xsotan-artifact6-locked.png","4063","84593ecdcb7b0b8488ddf62d6fa19071df1f6f6424066a303dd023fd2eacf420"
"data/textures/icons/milestones/xsotan-artifact6.png","4824","586b83a76fd1ab31b168eb2061184ca82d9dc5389a0f30fc5630891a45f710a4"
"data/textures/icons/milestones/xsotan-artifact7-locked.png","5732","f0447670b40f89cefc72474c1aa937f54435515d192f130e59ae9bc443cf1b55"
"data/textures/icons/milestones/xsotan-artifact7.png","6018","559d66a7c5fefb833c5fda921945ec7a57f1c206f45942f6aa19590dec21da4a"
"data/textures/icons/milestones/xsotan-artifact8-locked.png","6762","a749e7a87824fe0f1e1a1c2674e1b3c9a9665e01199002cc56c9dac65a0f79ed"
"data/textures/icons/milestones/xsotan-artifact8.png","7414","8da62cb2b62bb7056cd6312756d76ccea23b545527967816f807a204b125f9ea"
"data/textures/icons/milestones/xsotan-precursor-boss-locked.png","5734","a028a34621ccd069a867d2677534b950e6977de7088dfcd987122a8261a73256"
"data/textures/icons/milestones/xsotan-precursor-boss.png","4879","49d6944d3bb0c3000ba8ff7ca8ce8d7f593f2ce191f986e8a507cfb61d01f9ed"
"data/textures/icons/military-shield-hybrid.png","39053","fbf355346d878e831dd23dede5bb318d6bab84d2a475d72b41188fcb133e52f9"
"data/textures/icons/mine-command.png","6473","a083b1698b17d6c139aeb37c6347a029dc6b3d6bb22bbfb70d69a10096109131"
"data/textures/icons/mine-target.png","39343","877c2a055fc2218fbc3914c9eb7d01aee2117afa089f804cb91b8365655dda42"
"data/textures/icons/minefield.png","25020","0aabac8587beab45c65e3bc503a295e2bf025d6984a358f91d89869c106c5f4c"
"data/textures/icons/minigun.png","6302","44f799e0d39492d07a8ebb1afd7d7ca1e035d303b3e411c017e7051ddb87660c"
"data/textures/icons/minimum-population.png","30546","498003da0e713c33fe4b81a9127cc9bf92aab053a359e075ccc95a3fed1a63ca"
"data/textures/icons/mining-carrier-hybrid.png","54093","962184e90d598f1dd100a361375b1a6ff1b5f4d460d10065de4b000f4a85b272"
"data/textures/icons/mining-laser.png","29668","b9252c398933604f0d4fa6d8e66ccfab4b4e29a5415b9b481ddda79768e65afc"
"data/textures/icons/mining.png","35671","544125fd26736c0148e0092fd8d2e5e223694cc2fffeb42b8a8151b1c1e9f0ed"
"data/textures/icons/minus.png","1372","069f10ad88f2678b806f4800d9803f2001e1aeb8fb1e509cd2b68f926f244d5f"
"data/textures/icons/mirror.png","1423","0e70a0b20282d57bec1daf58a59d2eb8db04c1c0bba1adc6c4f87d32a97d8087"
"data/textures/icons/missile-mech.png","27042","5bbe66e2bfb87c70663e9c7780993f527f8545ed3b02a935f57adda07a320909"
"data/textures/icons/missile-pod.png","29764","60ddfcf73679665bfcd44cae4b79ca751fb6b9f48641bb3f99d4995995c1a71d"
"data/textures/icons/missile-swarm.png","24377","236e86bd31745723863b23b51b0e86214a6bfdbc06e0b948c9dfd8713b95c169"
"data/textures/icons/mission-item.png","53485","e6dfa2a06fc341a02f7a67590169f4cf0e4278daf3b46757d96be78b73a9c465"
"data/textures/icons/mission-items-first.png","19952","636f6b59531117bff17a16fb892f7d989221b735e00919812218318dc6ef40f0"
"data/textures/icons/missions-tab.png","39929","38350471730a30b6a23ee1ba3d41cabe22639fdd057cfc380a227c02df97d58b"
"data/textures/icons/mod-modified.png","8614","59376693ed01a14ad032d00fa84154542de5d1b5ad6d657eb1e0ff159f4df8f7"
"data/textures/icons/mod-uploaded.png","8266","6f041689e57080e8b606499512dc01c145f9dd044bfeee4129ae442e1a6a8694"
"data/textures/icons/money.png","51092","54c2ef01ea66609fa06d1080f49dafeb724b3fd8e98185d4a5ffae923b4e00aa"
"data/textures/icons/morale.png","26699","e21786b12f6480ca7919236e52bb9e353ead758c294208c5fbed573fadaf7017"
"data/textures/icons/mouse.png","19449","554acf1c191feca8e4e4743912bf57f76c5c84ce2eb6bcb048777e7ce665d709"
"data/textures/icons/move.png","10604","73467ab86a7e63f6fe6cbef3a4406df7095c733c87d517d85097e7975532cc62"
"data/textures/icons/movement-sensor.png","54208","9a87d1ddccdf0dee32d7beae5d1070fceb34fa7d03e9ec939a5acc9f19fb3241"
"data/textures/icons/mushroom.png","21957","c35fea758551c7c76e4afc774dc3bb6252aca84d3cc8e62549aa845ac69259da"
"data/textures/icons/nanobot-wiring.png","59320","355276d7cd1794025665d7cff4ffe6f1972e1a9c13e77492221a184f17299f8c"
"data/textures/icons/nanobots.png","21087","ed4ba6daa623774541590ca4087f9c502256940d0238c06554ddc5c4dd0f4a1d"
"data/textures/icons/neon.png","25208","29a4259508bb22e798ed55ab53d32a1ba19ca1cfcc7c39c8f3d8cf52440c6f0f"
"data/textures/icons/neutron-accelerator.png","50356","99b8efb2f764c6fa61608b4820296ae9705d23038ba03fe0d898208a956eb524"
"data/textures/icons/nitrogen.png","20588","45097497f9175b41a6c91a3d2befaced0f055c746410b356144ca73d5af3a1b2"
"data/textures/icons/nodular.png","9421","0e583b530cf640ec63a8a303c0c90c44ed09ba7921605c34bbb7b31ba1757ac4"
"data/textures/icons/note.png","4442","9b21a23688b425b8fde59feb6630e72a621510a773257774750fc179152677dd"
"data/textures/icons/note2.png","12639","2b75284b21dfdc22bba363f4007accd8c0fc0792692220bb8f86c9038f021570"
"data/textures/icons/nothing.png","1317","c7f63b878e9b2712b7beb9b61789464c7b6248fee8d6dd8d5c9558edacb8a134"
"data/textures/icons/notification.png","5367","eb088a8da706e98551573cadebcf7c6c21f5f189038c33944d065a25957d73d9"
"data/textures/icons/o-brick.png","3246","f9493116d097fde294d95da8541cee923abcb087056e5fc2a73941f0aa799c12"
"data/textures/icons/oil-drum.png","24880","7f54380114856367955e5545b588d82866849d903ffc5aad9e0d6b17a37f1951"
"data/textures/icons/open-book.png","19509","a3c0e60dd313976082507f00aa2e5bd031a24650fc1ad3e55b54ea7dde18ec97"
"data/textures/icons/overdrive.png","31989","f41beb63de3379dc8b24156fc86a459f884d14ecc7e804e5e63c54c3be84ecc0"
"data/textures/icons/overheat.png","15897","9874ba1904670837d0d58d0314c6e4f18adacd76e536170fda2941828a9f4290"
"data/textures/icons/overshield.png","51735","2a2ca5fbf28c328913dca5dc9866d7076a65f89914bdd27a9b43211d2ca0bb50"
"data/textures/icons/oxygen.png","26384","277d310c73f8984dad0f0915382a24f4b89968623e7e6c331bbc1142747086a9"
"data/textures/icons/paint.png","46892","6f0fc16bb2bbf83509790173663d1903e5a29bbe23968d8ce05698dec7401477"
"data/textures/icons/papers.png","23096","134a3e8f75e8ec94c82af3a9faf840e5d4f3938e5e6a39830629bfdd79e36c20"
"data/textures/icons/passenger.png","23495","85f2abb6406b0d7d7927dfe844f5f1cf6fa3627e5268da9ee69ba936ec2c0cf6"
"data/textures/icons/patch-notes.png","36060","6efad24822cf0e64dfa5f21b8894c3031428f904cd99e674b715d1a89f9ccf15"
"data/textures/icons/patrol.png","31493","ad3a87602e66b6189f070d736fe2f4801d9b57f92493e4d465fb37fcef4077a1"
"data/textures/icons/pay-crew.png","28938","6ccee20cba4eb98a90c6a19f62b1cc8f23f60eb82939f78dc10efc674f822e41"
"data/textures/icons/peace-dove.png","26087","f3b488602932868d13cfa756d5f53f03edbba7b647b98d78252d7e627707aa2c"
"data/textures/icons/pencil.png","9570","b146ded403ca2d07497225a457cedfda7103dd04cd0b96fb9bcb79ac20c9c7d5"
"data/textures/icons/performance-meter-danger.png","25539","1a4e5f20f04ae1a1681986b8cb4f14cf82305abe5553947c05eb48d7f58adead"
"data/textures/icons/performance-meter.png","11362","8d1f80a3b3367c7ccac23aaa01eb0bdad8334fe4e6e1458f1c6d03f0ce5b676f"
"data/textures/icons/photo-mode-window.png","37429","891c4a927e27e6723fd83fbf4bb31fb18af4c3521f2d7543a1f38c1048e156d0"
"data/textures/icons/ping.png","1916","c417433f5c5e12ac7636aa35eafa90d15380f0c43de295369eb3d765c99c70ab"
"data/textures/icons/pipette.png","13644","8c7ac72b349707ea6cb306a904982738f0f20d98e372299924e76d72cebf92e4"
"data/textures/icons/pixel/aggressive.png","268","e2177ae055d6e75135e4356d591465facaf49c899c853c4b9c215a23abecd0ff"
"data/textures/icons/pixel/anti-carrier.png","238","192409e2d9b1fe00884997dec681744d38049b07882c460c173a93d6e3b2a067"
"data/textures/icons/pixel/anti-shield.png","251","33d123fa8b7d0a40491a83fb89171afd3b299969158512f6913e3c9df8099425"
"data/textures/icons/pixel/artillery.png","220","03a5869a774243f1746da459e99bb3962319a01ef1325bbf6f9d79415ad2ed69"
"data/textures/icons/pixel/asteroid.png","1551","9a6067c61840b69540fa2c02a858bf3ec85797f6a921530e65f82ce3bdefce62"
"data/textures/icons/pixel/attack.png","167","58124e0c412ee51226e22af797765ab2540c880adec5803ec3021795ca03b594"
"data/textures/icons/pixel/attacking.png","221","5eeb6307f51516203a75f300a0c92db672117f5ec61668b3b96a0f8c496def1e"
"data/textures/icons/pixel/biotope.png","181","259ab2f9917ebf4d9c86ed64caad46d8808b9d1712ee0769c46cc1c06590ed37"
"data/textures/icons/pixel/blackmarket.png","417","b1f5456986ff324ea1ed20f45a662bef570cd3e90bcd74db22326e2f269bba19"
"data/textures/icons/pixel/block.png","270","534c7dc7f7b3b3746ec4a4059afe38aa364d0980cd03074f803bd0a2ec902fb2"
"data/textures/icons/pixel/boarding.png","173","ba8347602fe294ab95d2750a2681af05a5b71e33edaa4b61ec228b8e0ac638cf"
"data/textures/icons/pixel/buying.png","167","7ec248b86353142ef839e639c628bed0459e076a2a810eaf686dfcfedb018686"
"data/textures/icons/pixel/carrier.png","204","79fd262bb75baa888f6053a4b422221a4e5b06811ab3af6a1c88b8a1285dfe63"
"data/textures/icons/pixel/casino.png","236","c01310bac9fa332398ec6bdbe53735a2148cd18c9197c78a188bc4107f46d9bc"
"data/textures/icons/pixel/cavaliers.png","329","65737bf4a34f547bc38159b9899446d3ab62cdbd3c8541da971293c1f2155328"
"data/textures/icons/pixel/civil-ship.png","158","68f1cf4de52e82714a4a356b2d37a3827f3f381631c7f3efd05487d1de31074d"
"data/textures/icons/pixel/color-triangle-bottom-right.png","1472","f9ca80317bf7c40837d8d5ee7b25daedd93742c00514a54884785b0cd9bd1b53"
"data/textures/icons/pixel/color-triangle-top-left.png","1474","98a3de96fcc095e9dd1d10d128146a30527341889f745ab9cb4994bf219d0578"
"data/textures/icons/pixel/commune.png","296","4083233811af31456e541c092fca73b3d4659b70d6f71fd239948d7237369602"
"data/textures/icons/pixel/container.png","1414","c322a7fc8be02faf963f1d97ede5e042d7287f791357d9628c93e002d142356d"
"data/textures/icons/pixel/crate.png","188","dfc8fa2169ac9bce92dff711603f80fb63ea5f54c3e10993a55207007efe2ec0"
"data/textures/icons/pixel/credits.png","247","8035e1130ba3a6bcac74674fefa03b5520148889514b462fec33e80bfa492c1a"
"data/textures/icons/pixel/crewman-level-2.png","6023","da27b6eace0be67a9986ab2391e0b7fc692360ec9ee52c8f250ceb02f1abec6f"
"data/textures/icons/pixel/crewman-level-3.png","6495","c73ceba551c26c9992a39430b62c9b1b0975ef1ccd1b6aa0b75b508517dc4bca"
"data/textures/icons/pixel/cross.png","1565","9d23469038f271d7abf0d61e2e19bd2abb6a7b926c4078f5a922c0d9745fe8a4"
"data/textures/icons/pixel/crossed_swords.png","266","dbc1c723ee1670f08ff50eea82125c4f7453b363609c882887da69a71f19ff07"
"data/textures/icons/pixel/defender.png","175","b035b065657a66710b5ebf807920e85d38ec7cb2632b78574c0debbaa5bc99ef"
"data/textures/icons/pixel/double_skull_big.png","754","b56c70b3c94acd13a7e08bbfbd856393544dc915ad5f2eb16370171d98dc244b"
"data/textures/icons/pixel/enemy-strength-indicators/enemy-strength-1.png","197","f509e36359cd0bf250616e935e0ad1d29b79631a998efe2f92f48e3fc84966c6"
"data/textures/icons/pixel/enemy-strength-indicators/enemy-strength-2.png","205","e228d472b6ab8567286a554e839c75407434fef6f0d0dc628cfbba0d67e7c4dd"
"data/textures/icons/pixel/enemy-strength-indicators/enemy-strength-3.png","200","2294cb5ec952e468a48f5e66ddd758f04ee4262c3c2fa5a98542514f68ff75d2"
"data/textures/icons/pixel/enemy-strength-indicators/skull.png","223","4ce6119b1dcb9c639da4b828a304123940ef8513c06708ddede6b900d3162fa8"
"data/textures/icons/pixel/escort.png","213","42ff37f18fbd965b11197e8a021b24117557faf51bcf63c802586244bba425af"
"data/textures/icons/pixel/exclamation-mark.png","5534","d40244e685a9069a5b8d44e387af159f238d00466f4b47b8a40a157c4af5098b"
"data/textures/icons/pixel/factory.png","206","f8bffe52e13ab29374958db4c2782b52cb079fd38909d359ba432876dcc351b4"
"data/textures/icons/pixel/family.png","384","bf3a14157870558d213e9aa6718cd623cd2bd12619144e090e8d8a57d6771aa6"
"data/textures/icons/pixel/farm.png","172","7ad288971b0b7166ad9b9d9ffa50a01f2becc58d27d35e67846701bf680b1d6a"
"data/textures/icons/pixel/fighter.png","202","c9fb9ccb394d22d8a38d3a81afbe3779745c2761421f85e55742e3b4f3e5a70c"
"data/textures/icons/pixel/flag.png","1514","07c94c5cb03b34e064d9e9612f57ca33b2d4a3f11567e35d1e61533699517483"
"data/textures/icons/pixel/flagship.png","233","b0a89b7ddd61a1dbca1b65c112489b182966ad40e6ed675bab769d59a9148aa4"
"data/textures/icons/pixel/flying-flag.png","458","e2b3251bbf77882945446541fed042b1d2a55ef5bc1c76c8442c9dfc04629904"
"data/textures/icons/pixel/flytoposition.png","144","1695352e283431ab122f03cfa63e9aa52b91b419b9fccfa58d4f2ab2fe004466"
"data/textures/icons/pixel/gate.png","184","c2f1e2aecd61bd439f6b439c67af45722a13680226f306e4edecb2ef4c0416c1"
"data/textures/icons/pixel/groupmember.png","209","375119f737605e072633840e58cf3aa2820e04a72cdc0a10f3eaf236adbf4dd5"
"data/textures/icons/pixel/guard.png","266","14b6b1a22c9f93232fe28afc90e27cfde378193db2d1ed30ae2b9bfbbc8a0c35"
"data/textures/icons/pixel/habitat.png","161","e542ee2d00bd89d88405c90428a900407532fa7026899d157009042455301e00"
"data/textures/icons/pixel/headquarters.png","203","940d43a1856364bc9f6b69fca3073e8d29621a32c6e96a0f0a8e03b2f9c9378c"
"data/textures/icons/pixel/home.png","218","b05cc22448e199bf56dbffa73abb96c0af18e1bec84001c52d071c32d5d4b3eb"
"data/textures/icons/pixel/left-mouse.png","232","fd26d1b3536c0536ff75a30211e10aa1a4e0bd29883ac857444acb6bd6473aa5"
"data/textures/icons/pixel/loop.png","217","c240afb90c77223e338823d65df04363a62e6070926ad58faa974c10d5c295e7"
"data/textures/icons/pixel/marker.png","1500","57762575af6a5f714b722ca8ec98030e03753173f5fb1c9b75f1874bccd68d0f"
"data/textures/icons/pixel/middle-mouse.png","238","8362297393ff2b0baf8d3af97de4ed084f3161dbaafecbafb3ca168ac2f00937"
"data/textures/icons/pixel/military-ship.png","175","b6781f876406086718a2fa9e557d4a6bede7440719dd317c0e32d4d709e0f050"
"data/textures/icons/pixel/military.png","193","9f4fd4c0832ba4ca58902769b86492111b881f6ebf3bf9fc569fad37a69ae4cb"
"data/textures/icons/pixel/mine.png","631","d00a1f112fe9bb6f02b04215991dd6c7edcec321d511df20408ca9a31251477b"
"data/textures/icons/pixel/mining.png","234","ea7a8cc198d40e0e349950d711eb9ecdb7946a177784b46e24d5706a6b0e8f84"
"data/textures/icons/pixel/mission-white.png","220","dc48e6ae719ccc35a22d12363aa34eccf65ba97bb81088632e52a29965ce3141"
"data/textures/icons/pixel/mission.png","223","20dcb4fa51d8b56ad8a7a03bf5be4e38628c7cee89cfcd30b5b0ea7844e97963"
"data/textures/icons/pixel/monolith-done.png","1618","056eab086463ddbdbf37db172711d7a2339129515e5bc20edceac0a9e39f6e4d"
"data/textures/icons/pixel/monolith.png","1517","b999f30818c7d77d3f6d4bfa678da84fe66e948b6463b2f49904f26f1648dcc3"
"data/textures/icons/pixel/patrol.png","245","39b6fea5a32ea4f0701630779e954b911befc0c06c735ca1a4d5172e074ced34"
"data/textures/icons/pixel/persecutor.png","210","352e43c19e8cda95a905d743fa8fe3f806ee701722b21cc5b161840f2c355f61"
"data/textures/icons/pixel/player.png","370","1e70075d79cdacd1b2621705d619619df7155b27c37d4ff25a200d900b10d329"
"data/textures/icons/pixel/radioactive.png","6403","9c4af06952ce499136b0209d58beb7e37787d23135868cfd8f072cc0fa9b25fe"
"data/textures/icons/pixel/ranch.png","186","9f2f03deaf1c77d2c81a1828aa376ea51fd7a888cca1e6b5bba6182fcd923428"
"data/textures/icons/pixel/reconstruction-site.png","221","f03b5d80c094221211fd54da9a40872ef0035516501c9e6cefef4224d3b0c68f"
"data/textures/icons/pixel/refine.png","160","fcc51742294e18c4e267762cf5e2152429bc6d1989c4e1da259e62a042c23409"
"data/textures/icons/pixel/repair.png","208","490d7a6d8695f86c9f5e0ae1f03718097565eef93a00ad83d4b0eeda77fc2e77"
"data/textures/icons/pixel/rescue-shelter.png","1537","30859dd5582ffe90b807f5927a35cafe7f5a88e539873e8e3f2b4aef8c392ff5"
"data/textures/icons/pixel/research.png","167","96ce7b561e9a67396ef9e965c6905c75aae00b04a7ac40558714f5b808f6a9dd"
"data/textures/icons/pixel/resources.png","7246","238d80938dc3ce707f5b829062523c4c2861edca7c1c0e8393cd6d2340673e5a"
"data/textures/icons/pixel/rift-research-not-ready.png","5390","452198d8c2b2e9196245a398f30323e1d3f17e11c87405ca798e953eca7a9154"
"data/textures/icons/pixel/rift-research-ready.png","5440","5298dd5cdbd75ca75697593cbf904b9fb8bbb40b49be038141d6d9e669903ebf"
"data/textures/icons/pixel/rift-research.png","5665","8591f0f2c239a59c105ebdd81192fc96f86b76d53879b863f5b51e99064852b4"
"data/textures/icons/pixel/right-mouse.png","231","939de9e3417ff160fbb34ed1b0dc2878aac94cf55c50465092b49b14e991ddc1"
"data/textures/icons/pixel/salvaging.png","228","13f42ae7d9ad936d20f3409f111f0865172ff09c41eeae4f2711ef339c1b74a6"
"data/textures/icons/pixel/scrapyard_fat.png","213","9900d6a48f3769803d0cf1067ad4482befc35ff7e205c88ae921607631c047c7"
"data/textures/icons/pixel/scrapyard_thin.png","215","5e4d31506663dbb09264f89977ec0d44e123d006f31c6cfff8c683a5925be49b"
"data/textures/icons/pixel/sdblack.png","169","f54509459c761b39255db6a727987fc376145fa37b88cae6794ec29b1d05226a"
"data/textures/icons/pixel/sdwhite.png","171","ed668f7705056c8599d068e741b2aecb8cac01614b757cca08b6e61f81a1d3eb"
"data/textures/icons/pixel/selling.png","200","b4720c121757dfa047249e9b999c9855f49f186a3748c7ca44905ae68bdf215b"
"data/textures/icons/pixel/shield.png","1472","0f66b799e6878cdfee7c69039841d2464d18e4f9f801fa0ea80645747434d868"
"data/textures/icons/pixel/shipyard-repair.png","187","f68f1d0f63f1e4415f5227cc9d202012654e6181de12ea51171cd992fcd16231"
"data/textures/icons/pixel/shipyard1.png","197","a4d464ac2e80ed24e1dee27673b90cef20046f664063b998f4a8e7331b185e72"
"data/textures/icons/pixel/shipyard2.png","197","027026463bedfc0403004a5d060eed2dc57856b9c0e5e29f1bdf887b6f68d6a0"
"data/textures/icons/pixel/skull_big.png","703","ea7e8bba0402ce4cbb3edaca29a7f0fef58ab808d3f77d024e58b592561db21f"
"data/textures/icons/pixel/skull-detailed.png","1554","32a7504d391dbd3c63ba78fe5efa1ff8745e8f4fbc45a21de6d1a5a164a3f609"
"data/textures/icons/pixel/skull.png","223","c976d39ace0802144ea965179dd532b28051c5f909e9c78a24e0339a33689c11"
"data/textures/icons/pixel/sleep.png","213","1598f58f81e078602cf66058a1517a758ed19ab3dd732c1b300ba95d6857a0cb"
"data/textures/icons/pixel/star.png","1546","a907221d3c6a0fd983c5580088e7206b3e10afa46fd8e65a9d674ab838cc3111"
"data/textures/icons/pixel/teleporter.png","1443","504ae7315e22d16a42d6ae7074d3a94357442dc68b8232a91de45b8e3850ebb4"
"data/textures/icons/pixel/torpedoboat.png","274","e7fb86f4bd11edbcbe8e72aea9a80f5b21ae8c20761fc483a6a9a60007378708"
"data/textures/icons/pixel/trade_arrow.png","222","b239645f0537486b0200b10b2e9972c3676baca7a1442afa0c0359439738130f"
"data/textures/icons/pixel/trade.png","167","7ec248b86353142ef839e639c628bed0459e076a2a810eaf686dfcfedb018686"
"data/textures/icons/pixel/turret.png","228","db88d8050f92e70fae6cacb53c91b6d92da1273f280cd2490d835c6ce6ae15d6"
"data/textures/icons/pixel/vortex.png","7100","5aac40d09a19192850f07d41b4ba00c8be749d0380897069ae3b80c2f2724212"
"data/textures/icons/pixel/wreckage-done.png","1590","635f7a75b09160981f78361583228401a78631fb3683062891340aa9f01b4fdf"
"data/textures/icons/pixel/wreckage.png","1521","1c741fc69907ba13c1fbe3ad85ffdbd9f1d0785caa2a08a8b70569154ff0ee84"
"data/textures/icons/plant.png","19191","6c3f0bc2657db9f50ad0ad3d31023ec7429e4aa0bb5b275012de6f698e5fb3ef"
"data/textures/icons/plasma-bolt.png","13876","ec7807e760de3b90e05993062db6b805994fb6502de69ede8686fc898921ee25"
"data/textures/icons/plasma-cell.png","41038","d8818dbc17ef6b2b04784e098d51492129816ccc17ed577d7b19600b6e6120f2"
"data/textures/icons/plasma-gun.png","15429","3ed1c9f087269844139dc80a8446a2eed584e791b4951b7c34daff2e1795b65b"
"data/textures/icons/play.png","5995","a36e54302c935d987a9a1fedb512c15b2ea83124069c77049525d674b811e34b"
"data/textures/icons/player_trade.png","41945","80d60021878aadda07a62bdb4683774fd0e05908c959d2468a359de08b1fdd66"
"data/textures/icons/player.png","11661","3b68f4d6c1360f3ab169e0fc39d4e052a805e457f099dd3bc0e2c2fcdaa3485e"
"data/textures/icons/playertrade.png","40493","26e104b41c2cfebf453d8bfc25ab1f68dafda5ac08bf92233d0c6b5a9dfae22e"
"data/textures/icons/plus.png","7436","f4f77205c663b554b30cf869d6c999d5aae43b92bb4b179c4752e95babe8eb7b"
"data/textures/icons/point-defense-chaingun.png","25911","4af741944f207f21a7956750d2b84a0b9ec7e7a8d32d31b4b38145be4b8771ed"
"data/textures/icons/point-defense-laser.png","42530","8e689d591f229c7bf71a5b6ff4b86b78ccbf109fc616fdd47c0dea7b18adcc24"
"data/textures/icons/position-marker.png","20288","ddfbdae200fb7cad2e219e365ed131691f69790d86fa94fc98147b997642616c"
"data/textures/icons/potato.png","20907","a48a7940966fa1ba9a700c65089d45ad3c5a7ff91d422fe75da9cc9df460810d"
"data/textures/icons/powder.png","17615","595cd3ac7905eec001d929ae6eda0d5fc9afed6ed5ec4c9ad1cb455e1d91826a"
"data/textures/icons/power-lightning.png","19165","0371268ac3e8643e14bbc3d8da928f7556c74543221a8a414426bc156efa4ae1"
"data/textures/icons/power-unit.png","40254","c3fa0931f092eecbbcb94f3d7c83061bcf9839d89b184cefe08e757de28780b4"
"data/textures/icons/private-first-class.png","25113","ef1133ad23fb17e6275ec4c9ac32fca1f88939fc924057f4ed81499193495ef7"
"data/textures/icons/private.png","12249","8b286d3e757c2ec326ae89d065d7b519a6a2f86cc1b582448127a1a225f02b92"
"data/textures/icons/processor.png","26919","6d19df4982483182a872e185a9c96ff7a891dc6c52df66d3efdf96bc4a4800dd"
"data/textures/icons/procure-command.png","8085","3d288ed7cace3901501307915f483ff10aa8e5507f548a2f2b9e04e59fdf6ec8"
"data/textures/icons/production.png","25547","b03c5ece352fba0aab4e8e18b8bc8bf768f7d0bd95dd352f8a2b5311c5e6b03b"
"data/textures/icons/protection-bubble.png","122864","178bdf080da85a6b387c80a1dad87ca5b611098129aca3ba23f45f90f7227002"
"data/textures/icons/proton-accelerator.png","36283","4beab39d9231f494beb3ad8e6aba3c2f76e6080c45067af0655bc8997d8cd2fb"
"data/textures/icons/pulsecannon.png","14574","1e2a8b61c46ac7ee5762472b813b11524a33182efb8b95e878944b4ef2776f77"
"data/textures/icons/quantum-coils.png","6828","d674f5579d1f73420b10143574e44ad7f843d443b8420d032b254ecb9c52df55"
"data/textures/icons/question-mark.png","12395","b95d1cb86fc60dad016c2f40a932f07bcaf86a31112906f8bac8bd42c012da81"
"data/textures/icons/r-mining-laser.png","7862","650c784122fc12fb233a85673617c0b8e5cf189573bb021002106d97a768333a"
"data/textures/icons/r-salvaging-laser.png","7669","15b0158c6d0b620533adb2c48fe4f840ab9944f0074464a9303555199c304dac"
"data/textures/icons/radar-sweep.png","39149","c94bcaf93a56a3024f476cf24960a70e0746c238a90bb402365f628df6eeb886"
"data/textures/icons/radioactive.png","21093","72f04abfdefd8f4c7bb369353c40f0755f2d06e80fce8b4701e0ed2036dd58ee"
"data/textures/icons/rail-gun.png","26014","c8ea00296cfbba4721b5973ef5f00f129198e368967d8ddf8c7be1115cb442c0"
"data/textures/icons/rank-1.png","12057","c9ea4a01723e9971a727378bbe5ef4ddb91b410ea204179df4ae8c0e4c3f69ff"
"data/textures/icons/rank-2.png","14592","58a2fba9a77a8a89854d6cd6b9ac86c27c42d47b43847298a8433bb8c0382341"
"data/textures/icons/rank-3.png","17923","db7b9c188e0a6dc60d2d20435a6297c7871e499d6854d80356738d9802ec0206"
"data/textures/icons/rank1.png","12249","c4c3c40ee905b1e2922a580ee249db7105bbc66a6a94d9a1c16811f8023277ed"
"data/textures/icons/rank2.png","20060","42c4bb826b6c1ab236f4357bb58ea60f7c62425e81957f61b88ff70e9e37c4d0"
"data/textures/icons/rank3.png","27694","1fd8e742665b264357ffff0d70276110d8989f27124b48161e228829df43f70b"
"data/textures/icons/recall-device.png","59666","dd1abc9a84799241045014616391dea30e56fbec56f7fcd93ee4554427e6696d"
"data/textures/icons/recharge-time.png","23933","2ba4b1d83d9e68c3f459c56e38206746fd93e1471d7108fbeed0d19c4f222e35"
"data/textures/icons/reconstruct-ship.png","36752","f92a7535216f94b4392304d03b6adf9ab5cb9e1f363e43a49dcd222517e41cda"
"data/textures/icons/reconstruction-token.png","33972","909a6e70cdf671257fad6a2ff26cc3b23fdacfb19e203c280cc01c87e3bed457"
"data/textures/icons/recycle-arrows.png","23825","d8396c0e36750fb010bebbff66198d8abe0e656594842cb37db0cd3d313865ef"
"data/textures/icons/recycle-ship.png","38372","2869c0bc078284477465fd250721c6d8adc7a33ae86e8bedf68d5198356ac4a7"
"data/textures/icons/recycle-turret.png","20383","6b9e020c5533e0623ac0b8c9044677e4c7d15349e8baaec90568247f2921b3a6"
"data/textures/icons/recycle.png","28755","391ad6ba580564d351caf795cf0904ab356eada1b344c2634d908b9b6cbd96e3"
"data/textures/icons/refine-command.png","10373","8adcc0f399b3739fc4cb1294f91dd56f3ab3e4876ba7b4ae602ebf9f056d5a29"
"data/textures/icons/refresh.png","15686","41888cd10e29acd2c552240f56a02f7c4656b65c3f321a88f8c950cd361da200"
"data/textures/icons/repair-beam.png","14019","a5698aa20d9d711490b0413dd8e93703b794df3d1cab10d9fa6b50a2bcff588d"
"data/textures/icons/repair-target.png","12630","da2c5cf53c8efda101846c6044b28d58ccf9c80ec822ba37218c30e3f3f34565"
"data/textures/icons/repair.png","36060","6efad24822cf0e64dfa5f21b8894c3031428f904cd99e674b715d1a89f9ccf15"
"data/textures/icons/resize.png","10852","611d70b87e5ebdcaedae199a4560d84ab19dc15926d5335711fe8b598fcbff37"
"data/textures/icons/restock-command.png","5769","c0d18577e58393b081713b14fd69ef457870518a3589c42acdf6891769be4825"
"data/textures/icons/rift-bonus-cargo.png","43868","30329824995c797da7d5a45ae776ca80354516b6b9bad3291a979291a0264bbf"
"data/textures/icons/rift-bonus-loot.png","32528","7a4d3f8d8056b1be91f12c36bd6b91d9e9994b8ca06588af45a39b1b967cda25"
"data/textures/icons/rift-bonus-ores.png","39214","2f8ed2cb18f12d3a0461a1a7aec6cf57fb7cf034c2cbb824bc0f98bec59578be"
"data/textures/icons/rift-bonus-salvage.png","49820","5dcc19326f53a27b7948624e6030150accffaf83bd56dfdff6e1effa12736c7a"
"data/textures/icons/rift-bonus-scan.png","33059","7a93f57e55f35ced6cf520a4063ff7a6a28c8f59bbfbb870e8924d4bd0dda04c"
"data/textures/icons/rift-exit.png","51317","f80fea955ba7007affcea7b6809740d957c066f63fa50af606efc17c16f87e57"
"data/textures/icons/rift-mission-material.png","35807","b414c0440fd766dd59a65522de759072e0010a379941ac5816305d6cda8d0890"
"data/textures/icons/rift-objective-combat.png","67786","41dd33a005f56ccbdde9039e9fdf8604e6b35df6ab9c9eb3ce9aff922c0920d8"
"data/textures/icons/rift-objective-exploration.png","13903","73cf1aaa2fdf3a9e05a3f6bf03695961bc74ceafa712e8db0bce02ef76ece4e2"
"data/textures/icons/rift-objective-fightswarm.png","71849","b7db211e7005b8171c374e97467d8105d93fec755cb96ea6d94e9739d53d247a"
"data/textures/icons/rift-objective-mining.png","66002","5fcba805482db3937260768017182de71abdf729f6af2511bcca4403bfdbe570"
"data/textures/icons/rift-objective-rescue.png","45868","b96aeb2557c7321723f5307c786d67948714b7b90c3a0b83e6750f0d67a8d064"
"data/textures/icons/rift-objective-salvage.png","66036","7c67c6c557fd5fab0c127832867a632e1338fd5c50954049d29488a2529b973d"
"data/textures/icons/rift-objective-scout.png","62635","80442ad4e56025c97d2f58a5f563379e6a3f6706b3be89c49748f7b10f55b96f"
"data/textures/icons/rift-rock.png","61214","c4d2b6a1af06f8621560984b89c174df816d70f66a801510bcff4c20068537ee"
"data/textures/icons/robot-golem.png","34800","9c58d5eba054e801bbac02b188eb7c10059c36383e0e230b427e85bc3d0e7b84"
"data/textures/icons/robot.png","4841","bb04d71022f3a32cf03f63f9c83311423ab347ae00c10cbeb6a547e3da7fde11"
"data/textures/icons/rock_radar.png","41421","f86a312c2ad966490f8a7d8495b9eb36123298642252e14b4b03b656fa461886"
"data/textures/icons/rock.png","32183","59df85b20aefa906fda46e4e9ceea125dad863963f4c33e4c7d470be34a8bf35"
"data/textures/icons/rocket-launcher.png","24377","236e86bd31745723863b23b51b0e86214a6bfdbc06e0b948c9dfd8713b95c169"
"data/textures/icons/rocket-thruster.png","25986","8c2023d4a10675fa62450b2012431817f9aaf964ada22f436d1f1d9299f829f6"
"data/textures/icons/rocket.png","24254","ddb1e2be0a07d5ebe548c16e55a9e96e5fb787e6634c49683095e72cff4ccbd5"
"data/textures/icons/root-block.png","26104","fc0be90823cfbdb9d2588c6e1fadccf91264d80b582820342f028160080441cc"
"data/textures/icons/rotate-ship.png","17023","6e2a96882325c8a757713fbddc27acadfe8ce18c6e30125a80e400d75162db75"
"data/textures/icons/round-star.png","14742","d1bd6e56505a5f305ddb657ba0d1c14def5d23d837b9b6b3a1f25d8df46365ef"
"data/textures/icons/rss.png","28399","5b1c9153018af5a5bb219a8106ba64e2ccf856c0c1438b0673a4d9b694fb4bbe"
"data/textures/icons/salvage-command.png","8674","bea00857762e95971a46e32c850d7641d37479541e7e534440fc158fccbfaf1f"
"data/textures/icons/salvage-laser.png","28755","391ad6ba580564d351caf795cf0904ab356eada1b344c2634d908b9b6cbd96e3"
"data/textures/icons/salvage-target.png","40208","ca38c6a26d0053f9ce7cc9286662b3fe400b9bfdf5f37a68f95ba3b8cc6da181"
"data/textures/icons/salvaging-carrier-hybrid.png","61403","d20a1e166b1fe5c9c5cee609af1e01a04ad25871ddbfc404d0f6d07569cae99f"
"data/textures/icons/saphir.png","25189","051bff62eb4a6a86ab7083e8ea1bf116a2630e780c38f434afffe88b8bf8cdd1"
"data/textures/icons/satellite-solarpanel.png","7455","44f025e463c9dc6c294d05743b79825b713a678f04b096b405e85558a9dca52e"
"data/textures/icons/satellite.png","22407","3f641d89bb6e4c69327a61eba3faa8510bbac9f6d5f66169f5bb3b011284ab38"
"data/textures/icons/save-arrow-down.png","9230","cb409b61336136d05af192ddc892b0b76e27521472ac020d05697ddc706f1d81"
"data/textures/icons/save.png","8530","8e8e7ccf144b5177de5b792999db73e965e728ae3c75119949f31e562d587e12"
"data/textures/icons/scale-step.png","11541","d54ed4e278acdebe331ad5403326cd139da4165b327bbbd8b0b4e3e774c2db3b"
"data/textures/icons/science.png","19487","bcf53d4df83bf5d45e6486ddd914c1153dc25750bc60d9f0220320c54e7bb3dc"
"data/textures/icons/scout-command.png","13312","0fdba9140e4ae8d9c85750f00c915bdad7d04d565a633e1b5bcac57d3e1baca3"
"data/textures/icons/scrap-metal.png","42468","7a5f63fc0cffa2166f20797183cfd7a55455135094052a282327171b944653e2"
"data/textures/icons/screen-impact-round.png","26798","7885243952c14c6d5cd4dad1368b844db141dd436005c2d25e3f062b89875fbe"
"data/textures/icons/screen-impact.png","20303","30c12814d69a83a81edc9423487a06a43a0230f28ef8f9a05a0195c40ef92261"
"data/textures/icons/scroll-arrow-down.png","1921","12f6449ab25c92ac4fa4ba3fcaafb2e849a7deb25c8f999373e53999f7b328d9"
"data/textures/icons/scroll-arrow-up.png","1772","c8b2bedb4ef0c4f349ff33f5f2fb77e6275fda7f4639e14f47cab0644dc92973"
"data/textures/icons/secondary-ancient-artifact.png","69780","331dfe45004549914651b2f370988c8118f14035a9e9ae964f8d164d9d43a69b"
"data/textures/icons/secondary-collect-crystals.png","56712","d6cda68611acde885173dc84b16d7cd2ae486be646525f6b91243e54e61bd7fd"
"data/textures/icons/secondary-collect-holos.png","34337","6e6c4dc3dcc474db1179b3b5f2bc7b5fd31c43e2c6c8022a5f76e2a8319fd666"
"data/textures/icons/secondary-collect-xsotan-samples.png","42172","358db242d44ef4b30af56c77638a5e7caba9b0e8a2a5415a368206801cab6610"
"data/textures/icons/secondary-rift-mission-material.png","65436","4a058fe68ce65b1965af086ed37c953e890519f79315d650764aac22fd669616"
"data/textures/icons/secondary-scan-formations.png","48827","8eb5ecf94b67ec3720635ade08d42442e518726af081a8a6ae218d64a8d77bd9"
"data/textures/icons/secondary-scan-probes.png","47064","b10f589ee0d3e5ea98ff1c4d486c718b6264edb8454290f6d7d3b4441a37ebf4"
"data/textures/icons/sector-info.png","12240","efdce99a382d1c3bfd1efa13c178527e4defb45933c15412efd4429c704c08bc"
"data/textures/icons/sector.png","35714","3914534d4a80e9ded83ded502f838bca203075929e3bc620e4b2c27a27fdc68c"
"data/textures/icons/security.png","19003","487719ca6a1061279debbb53a6143b6446d869d2eba817c8e0ecd0b6681fc05d"
"data/textures/icons/select-frame.png","11955","d87d3c01ec56ec229688cbb4239a5f6bb49b01872517dec5a69efe40cfe3463f"
"data/textures/icons/select.png","5107","b66a9dddb193d7567f1ec0c3448e2d6d542183cfeb00fe393b44983e060246fe"
"data/textures/icons/sell-command.png","10944","588938c9605bc7a11c3faf55351ddafe0cff084a62a7d5460bb42fea95dc76b6"
"data/textures/icons/sell-disabled.png","65567","2dd0a3b53df4c1abab23933bc0f8b039dc3ff8618b0fe855128216928ab41a0f"
"data/textures/icons/sell-enabled.png","58380","32f5d06ccc7259db460a9d9ab737f9caa64b7328a77bfccacee3ea4755a82bab"
"data/textures/icons/sell-ship.png","44777","01ec5af4c10e056da3576fc67648b1d0a084416fb86c4fc85af1a4341d9d1e36"
"data/textures/icons/sell.png","51092","54c2ef01ea66609fa06d1080f49dafeb724b3fd8e98185d4a5ffae923b4e00aa"
"data/textures/icons/semi-conductor.png","46766","1015ef2e214ea82082ba8a7e543c764cb49fa82dc7dac40d4a472ebebcda0cde"
"data/textures/icons/sentry-gun.png","11940","a5f8fdffd8a7604a4fb923ec152f8d487337517bd069581c7fe3ad5def5bf522"
"data/textures/icons/separator.png","12523","c985daea0e015a15f783609e319e8057328e76220e055250a1aab3f4680c0393"
"data/textures/icons/sergeant.png","17603","3e247485da7b15eedbf32f8c2ba9b5a77ae2e03267baa6377a0ad36be8854e99"
"data/textures/icons/servo.png","25239","1dc74a07eb91bb88c22f61b6fb617cb532691a7972dd46911b70baab7d1c1f9b"
"data/textures/icons/shaking-hands.png","22633","da83df569a95f46fa1ccae6a923272786174861b49191d9b28ffe5691f0cc36c"
"data/textures/icons/sheep.png","36834","c5134bcf5d2bcaa15053a225973844c49718dc739280db6bc8e07ed8810494d9"
"data/textures/icons/shield-carrier-hybrid.png","57347","74b5c124c0d2885794ee2897ff8c9f32ecfc5f750100b879b1b069a88196dbff"
"data/textures/icons/shield-charge.png","26730","b6e739232c8b3fda290d848766cc4042823ade6c46a3bbcd8502fd5125b6d10d"
"data/textures/icons/shield.png","34175","b05773d9daa6e3e4dfb302696216d42a958fc724f2e073644320b9736a02859a"
"data/textures/icons/shiny-apple.png","23081","32bee272fb2c2538d9bee58f47dc52484734d9fe562baaccff4dc20548522c12"
"data/textures/icons/ship-shielded.png","49921","647ca54c293baf3aa62d8943a27eb87e4b4f0a4fe7a3cff2741e07b480dc62b9"
"data/textures/icons/ship.png","49999","9ea4b61159b80698fd92b5a63f7384a8f0ecf1b322cc6d4e8a21d95e671226e9"
"data/textures/icons/shipsmall.png","18885","904135fbe9e2dfe53c9953ded0116a3400baff1cf8c0ed1666054078ebc21d98"
"data/textures/icons/shockwave-anomalies.png","62507","0b1bdf3b15ea68bf0b81462a3a44804937b8c4dc0e377e9cf94df6591e4cf11f"
"data/textures/icons/shotgun.png","7273","88936cbaefcc60701aed65a622c2665e2a5168ffa3bef1430c1903ec5bb9999c"
"data/textures/icons/show-gate.png","10688","8e1cb9503099eab710ab2157547fb20f0b1b95e0b07de43edccf579a8baae8ee"
"data/textures/icons/show-position.png","16877","f57a2fffd946e86243e370c150b0e54af3baf72b9cc24af358fb7dc0d6923162"
"data/textures/icons/show-wormhole.png","42616","d3e902653d11e9e93c5e4ef5a28210f9084ce25bc7242cb1e73f8c24c78ab93a"
"data/textures/icons/sight-disabled.png","30855","93e03c593a90ddcee1dc4e9956a595d1a6a525d453e28aa3b1cd09e621cbf55f"
"data/textures/icons/signal-range-closer.png","72424","605eb759024fb8ef53dd84ee90b6f0ea8a423d45ea9fdab6bcc150bde241bd1e"
"data/textures/icons/signal-range.png","31285","bddb2b15f5fffd2af6cd3d089f0c761c36184262b488edf88f89082f09216e43"
"data/textures/icons/silicium.png","41762","982bac58b267cdfdab193c708b9b9af7532b0fb7871e02e6acffeeb82e89e26c"
"data/textures/icons/sinusoidal-beam.png","24455","49b5402a76f6793ae73135061ac9de10452624d47ec1fed93d1c24d57890fcd1"
"data/textures/icons/skybox-tab.png","13210","e390a38bde08bbd8686a1501871c4ad464da7cda58b56221b6be8be84a77e5ed"
"data/textures/icons/slave.png","31239","38444c29dc314ddd9e52cf50906286404531ab6ebd82e41db8ee8508bdead6b3"
"data/textures/icons/slow-blob.png","10617","9b0c6a81af3c1d2e110ceee183d2074918eb3e85540e532bd0a8254a438871ba"
"data/textures/icons/small-square.png","2080","60148ee35d5e7a31d84136513790e57c9991dd2d97aafe03fe2c6c6e5e5823d5"
"data/textures/icons/smugglerblock.png","28078","b4755081eadd3987ac01d2cc5ce88a6622c248a80dfa142741c44e9948143bbf"
"data/textures/icons/snowflake-2.png","42867","0a3a7218acf9b4bffb64d9e7fcb4b0760965b0c90d227cb2a1fd94476c703fba"
"data/textures/icons/solar-cell.png","57890","8ed5e074a248b9cd62b2a791bd2c0d917d513a5473c7af9b2f8588d37ca6b4f6"
"data/textures/icons/solar-system.png","40888","a130868ddaff1ae7e9e31d24da28a00a57e9ff60d068923d83849dce06b79e87"
"data/textures/icons/solvent.png","15778","ea9541c95f116ff0a1d39e7208265521a92db8d95ceb1442f427dd5db3694932"
"data/textures/icons/spanner-border.png","8266","6f041689e57080e8b606499512dc01c145f9dd044bfeee4129ae442e1a6a8694"
"data/textures/icons/spanner-mirrored.png","13567","d5a19f49875dc55b835392a059eb932ced28788379e2a8a44f3ccc4025dec61f"
"data/textures/icons/spanner.png","12670","972dded4dfb5a97ba0d6a12d933fe362a89d96338d4f7633af2058004c123a57"
"data/textures/icons/speech-bubble.png","19751","c90e474f50d1061da122ee5dc2e4b69f05359c17a187f15cd744d0158ff4a0a3"
"data/textures/icons/speedometer.png","41503","215112e3fd9a90aff9dfe467b7280ce871ae59d9bf76488bab04e5b56c20b938"
"data/textures/icons/spices.png","23443","762260d32dab5e1d8f861b90ac32314cfc9108d4ac3e25c3b647cc3ea60446bf"
"data/textures/icons/spoutnik.png","27388","9e7afa8d9a1b93098ce0e78fed2e01f53154b6af28d5472490607028e043fc0c"
"data/textures/icons/spray-can.png","16106","857885dd5c19a7f47e59c3c89b044740e186d6408532ad3f048bed2e8f3f644f"
"data/textures/icons/square.png","6735","0b77b76dd45da318d9b4cf206665ad3a76d72170f22fcc1dec98bd0c651c0964"
"data/textures/icons/squib.png","15602","68ae775ab8c4a37728b8546706d8039d38dc237d6a5046832b3af6c0b8f7ee2f"
"data/textures/icons/star-cycle.png","45645","c152201573bf53046bbc0a79d6aa362b7db6ea3b034e39fe8850e48116bbba41"
"data/textures/icons/stars-stack.png","30137","d94bab986db6a6b46e2b939c6545d7724341f717ecf945badf21c16a7e7bc303"
"data/textures/icons/station_x.png","44372","9f8102d0c6804e76dc7b901763a800bd9108222f25cfe59b5cbd26986814a59b"
"data/textures/icons/station.png","32636","d4ff551493d30898106a12fa9456cd53ed41593326451822dbbeda91acf4b51c"
"data/textures/icons/stationsmall.png","14214","574acbd13993d14abe3f45813ad0e1f5ecb9ab470cefad620d661d98e9f584fa"
"data/textures/icons/steel-tube.png","33822","0b7bc557c079ecacc3c518451c7bfebec786c1fdae7c124b352b6271e78244e4"
"data/textures/icons/sticker-tab.png","9356","a619ea77ae695a786d844ac4845c9f8eb805d77efb8d0108da0d788a55337005"
"data/textures/icons/story-mission.png","53838","e3d149e2990865b84b0d2fb22e940cd727643545dc04e88ca8a2434525f881be"
"data/textures/icons/strategy.png","46746","6389c8064d7dd1f977ad72753757c73c671ffa5ccd11c76499f3cb649f1a4b3d"
"data/textures/icons/subspace-distortion-protection-shield.png","58013","9a581d45a0d5cb890baf913a5aa534f46ad0ca4b772eef8e4a94d9f984bc3090"
"data/textures/icons/subspace-distortion-protection.png","63706","9a24ffc48abc28e85ec33507eca623615d67e7262912a53a8be71013beb96c5a"
"data/textures/icons/subspace-distortion.png","53811","af1d56743d2a034b77b858799e9c2834a4ace6d11957c0dbacba76c5358e0d6d"
"data/textures/icons/supply-command.png","10467","9a2bb61bce030fdc7505da0ed1ab62b0a435a8fa6e56a443b2d1d3e7f0930373"
"data/textures/icons/swap-colors.png","39255","641549d84344093be4a9880fa89b9e50fcfed16342cf30dda8cf63faa520f50d"
"data/textures/icons/swipe-x-down.png","13989","5cdaaa4225aac705b79f3b861e9f46f3fc9deccc2dca4b1900615e50c3037777"
"data/textures/icons/swipe-x-up.png","13844","43b3b20bfc935ab945404b159a1606ca385de5d0c4ccd0884055a84bc867bea9"
"data/textures/icons/swipe-y-left.png","11257","ab40b28168c48dc2365ebfb66684e7b777421cd9cd0033e5ecc94c1779e656d3"
"data/textures/icons/swipe-y-right.png","11008","dac1e0d9f00330ae58142d8e1ec65fe76329695cdc558c78076519d0709e8d60"
"data/textures/icons/swipe-z-left.png","10749","cd9fabcbdc785ca83bea128aee10dcb9b145df88d4dd3cbdbe7919379fcc39be"
"data/textures/icons/swipe-z-right.png","10488","977b9176737dc2c369d80c3ac852155a990eb425bf887345cd450e80f504978c"
"data/textures/icons/take-photo.png","9741","6a7fdf422a0c524dbf23cb57b037eb79c716be048def38e6a5ac7b1ad763ca0a"
"data/textures/icons/talk.png","14326","1abce2287b57adc27f054d7f6d16a632ab069958f849e22edb171795398e02fb"
"data/textures/icons/target-shot.png","9071","7567d123f4075904692ce73d3df37dd94139949fc587733b2e0ced6e2a62659b"
"data/textures/icons/targeting-card.png","6542","c3cba6f76986a9d5749f9f9050232b4ba39095e99bb9910f1b2a53da2a462fdf"
"data/textures/icons/targeting-system.png","21510","94acc0582db1f409192565d2d8f370b5d3b7943a4520627d055fe7b2633ddab0"
"data/textures/icons/tea.png","36192","325c5e0c5deda3c0616ea210d3e4ab09f8c384e282841fe3cd94db15056ba3a4"
"data/textures/icons/technology-part.png","36008","c8c991876e4f02dd2d93cb7cf532cdda5e97892c46a882aeb168753521de6572"
"data/textures/icons/teleport.png","26715","fdc6c52f0ee32182b2116fa5650632a0880275ba78b2ed379546cbf9acb4a5c2"
"data/textures/icons/tesla-gun.png","13742","cfc4b6609bc474fe16ee874a6680049ddef000e5dd8fa34b50feadd108bc005b"
"data/textures/icons/tesla-turret.png","15429","3ed1c9f087269844139dc80a8446a2eed584e791b4951b7c34daff2e1795b65b"
"data/textures/icons/thrusters.png","16438","0c5247d9a246d2d121828178d507c359fe4c7d14e541557243c7866f30df25de"
"data/textures/icons/time.png","18047","912550be91f6ffda8f0d008464a0e79805faf08491617da6f32cad94ab9803bc"
"data/textures/icons/tinker.png","21060","9f3339087b9ba02e18fed2c53ab9410ff37c0f3b5878ecd39b2cd9ea046de6c5"
"data/textures/icons/tools.png","34437","c3fafde162dd57f085d1015f96db211addd4fdb5b47b9750abe21a48959e473b"
"data/textures/icons/toxic-waste.png","25956","abd10d726016f1b42eb12bbd72d0d707e810442e191b8e12ecbe6d278bc33cf1"
"data/textures/icons/tractor.png","38818","742fdbdf9f0267d03cce39f4892f75211caab8e37aacd8f3115329b72dbb8ca7"
"data/textures/icons/trade-route.png","34778","1e70ce8a90e5bc1dad4c3fc6bd3951e5fd984691556c1d2e77c6dbdf5965c94e"
"data/textures/icons/trade.png","17054","9ffbd828876549291666e84d4cc5d3369829d195b3bd1055503469e1c4536817"
"data/textures/icons/transfer-to-turret-part.png","19168","d0bb82520c33f0fe7e6eb176d25644d57028fe21d4a7171a353e6ac06e7e8895"
"data/textures/icons/transform.png","11177","efb1dd04d6877c58a2568d3b27c1772eedc8a7055635ed21a8320b3ffc057ce4"
"data/textures/icons/translation.png","17929","c8bca83510fdbac8deae24b5312c42bd87c836951e89e612db67331e26876b7f"
"data/textures/icons/transport-shuttles.png","36097","d9bac47c01a548ba75b261f738cfa1f705a410e9c99bcedf4ecddff55ca4db6c"
"data/textures/icons/trash-can.png","14923","0e7a80101342bd597221b6ea665bcd367b6ff8cefbc579b5f92cec4910b314f0"
"data/textures/icons/travel-command.png","8750","a71317b5c369ebb607806a7636d44e8683557fb0544a51d751b5260d587b6287"
"data/textures/icons/treasure-map.png","13990","31c5fbbd83a53b3586d09c8582b2038cf6b3dac8fd3a998941ac9d205e0b52f8"
"data/textures/icons/triple-block.png","31087","078146e1db834c93fb0dabc8c8b28a00228df638f768be43f189e9352f53bd6e"
"data/textures/icons/triple-plier_corrupted.png","11671","ca7171a26e00da95c4680041b0bebd9c192f9be6508977eaf621c7975289fdb0"
"data/textures/icons/triple-plier.png","17216","f0bffcaa5f31ad1fcdf39cf9516e4bc11ed2e01d84c341063a9b409018d935de"
"data/textures/icons/trousers.png","19470","6268159a3864833a39e4a2e13039177d567831c6627d20a26931cfb4a3a69998"
"data/textures/icons/turbine.png","47402","9d9a436ae10cf2e9f346206b8df8f27c568746f2765ba1574b62cfb60e04e584"
"data/textures/icons/turret-barrels-in-connector.png","9983","a3e49558753f2514e62761d4398954d3048e24bd66735786955e759eb6289bee"
"data/textures/icons/turret-blueprint.png","9431","185cea2e6168152954aa494f5f81e9f3fd99bfa53351aef07a96eada312b5324"
"data/textures/icons/turret-body-in-connector.png","8640","814aac757af4b58ef965f830a5eb752f1c843d412eb85f2ff7eec17f3fa1b4bf"
"data/textures/icons/turret-build-mode.png","32565","c6c3820aa9334c5bf1f2ae0b10f347f4ff85e78b1e8cec4fc922a216f42b93ce"
"data/textures/icons/turret-electric-hybrid.png","17703","b9355074e7f01c48f364d8ce04975efca1347aaaaa9755e7cda675be83a36d05"
"data/textures/icons/turret-hyperspace-hybrid.png","64831","9a40cfbc97b6289d21a5acf8803ecb3639223d1ada558aa3f3844c11866e1a3b"
"data/textures/icons/turret-small.png","17162","7f540b74b7e4f73dd58625666fc26f11a92fc9909fa80ca26af75e18b322d4a3"
"data/textures/icons/turret.png","10120","1555d76a9d23234413640cca83416f46c31bd986aa240775b6aaab76314daadb"
"data/textures/icons/turtle-shell.png","31483","9c1eca9ca73d03db7cdeec8e0f34ae10ce3de29113767234b4367a881cd71bc6"
"data/textures/icons/udder.png","30012","053998ff93a291cf950219322fd82ed387fca2c0abc2385206e2432d8b2b7513"
"data/textures/icons/unchecked.png","2403","45afc7bf18b8be0dda3a430997cc3aa16fbcba28051a9df31c86bd0a12214a3f"
"data/textures/icons/undo.png","14243","0439357936661abefbf78de1c0c51b1d2b3e177b4644e300149e96e2b49d9531"
"data/textures/icons/unmark-as-trash.png","6901","f4eb2862485377e73d6ee412c8a377885779c8244aab7490b2faffa815da0418"
"data/textures/icons/unmark-trash-below.png","15695","808b816a878a3e12a43aa83d712d9fceaaa07b91039a194044021c13a93dfb7a"
"data/textures/icons/up-down.png","9175","c380203bcb5d9f009583d9602f40589c2954e704a9783a7830423866dca651eb"
"data/textures/icons/upgrade-production.png","32863","9a83bcf8ecbcca675ebdaed628fb1ecad831737699793c9c5c19e62c3580feb3"
"data/textures/icons/upgrade-shuttles.png","34255","96da18e5464a4dc05e134a195bf50e949bdb14cef30a90faa7cf2c4c3229e056"
"data/textures/icons/valuables-detected.png","43735","ac375da51b78bfe569d87347c4f40bea626c741809642565305cc1b85a34d1ed"
"data/textures/icons/vegetables.png","34327","4bc1986e6a3074693af0ed3bd6f3aa7d105767067fb3773c819df99e613d152e"
"data/textures/icons/verified.png","21227","0e12b3994913f5a5eb2b77897d9a0050acc3665661838c574d7894ed6d8cfdd7"
"data/textures/icons/vertical-flip.png","1907","81a67cbd98284e2f939e70ff4241285ecc015d071d5e97470c2742e1088bbecc"
"data/textures/icons/vortex-i.png","44169","46d650c1443f2c025e37be855dceb1296e03bb961f3d7f52431a4af95e80ac29"
"data/textures/icons/vortex-ii.png","41667","ef1a10a46db66d17ec59a610a21bf8ddc82f030ac072738e64b304957601b512"
"data/textures/icons/vortex-iii.png","39070","da3b245bae36c08823729392cbdfa1d139c7717e8c7f079477b8deb2f2f3d196"
"data/textures/icons/vortex-iv.png","40087","4984951615ceed6a94715fe8861175a6df4ce9b2251ea7bf35e78befc34b6a6e"
"data/textures/icons/vortex.png","57633","5d11a9a1e8f296e2f5cb3e41fa61ee349e75b92ba45e0fa99cc06c3587355e02"
"data/textures/icons/warhead.png","19417","678a9f55eade819cab9658851bfefe9ce1544f1b3456d4331f77a23d33dc6996"
"data/textures/icons/warning-system.png","32283","f61c229f5a6bf5252c46267e596a191786aeba7c2889c986bac2a1ef466e58a8"
"data/textures/icons/water.png","24585","0620838679cc96af0a7ca082830bdb6f4c88adfa4d701bfcacd5c2635d8623b6"
"data/textures/icons/weapon-cooldown.png","55669","44e0d971ce769547bd291d7984f274e2da8df1d12958b5bdd48c90218dec19bc"
"data/textures/icons/weapon-view-no-slots.png","9631","115d72fd6e2508d87b84a92b0f59140586a0344244231e4b3d8ba6592956d0d1"
"data/textures/icons/weapon-view-slots.png","8451","e1e051d067fd7b2ed086222e8c3631b6039ed1e3965f7ba1aba58da34e5a8a6b"
"data/textures/icons/wheat.png","42950","324e5aa44830985a2ea05c2bd67a2342ad7bb837ce1c1a5e33b03a513d499648"
"data/textures/icons/wine-glass.png","23342","fc0c21f3f2e50ab14f3c79d40285ac36e037426d86dcebb818dd27e863b29925"
"data/textures/icons/wire.png","39084","d002ea118b436c31a1f880e81cb177c8780d86e16dbf8ea4b2595c490d63ad6b"
"data/textures/icons/wireframe-globe.png","40734","c6a994cd960d0a215143e5bbdbf70b2588f8e945329bc4ce6ece3f475542c6cf"
"data/textures/icons/wireless.png","11054","ed4af6a60f781ece7843694c685ed256631ebd66fec8d2de9b1b495114e54ea1"
"data/textures/icons/workshop-upload.png","17689","019faac06dd02c284fab4a1fdb79a244ed92be6a9178043a87dbccb04b9a9fc4"
"data/textures/icons/wormhole-generator.png","68078","94029d24d5910f06ce69cdc2046b4c00658509b06e06f59573d39f9947dba68c"
"data/textures/icons/wormhole-spawner.png","59920","e10160ef1cb924f40b97538cb73ab44d6bf43745628480b0e6a2a02f66f0dbd7"
"data/textures/icons/wormhole.png","48751","a343a5f5ae565c600955c08cb5b15a1802e0f5d610331b306d772dbc5483178f"
"data/textures/icons/wreckage.png","11782","a8dc69fa1f5c4dbc425ff6d045641970613a5421b9975b90b77fd80ba5d10453"
"data/textures/icons/wrecksmall.png","48931","3e4674e07d7cf4684b86257d8041ae50918209a2df592d337b8fc20f4a38ece9"
"data/textures/icons/wrench.png","27337","d456c934a7c9729af5680a7c286039c984b3bec4c2899e9ae63b9f12857cf263"
"data/textures/icons/xsotan-breeders.png","31187","fa115cae747653d71e0fd0230364e9307874267f6613967f196dfeb96d290571"
"data/textures/icons/xsotan-core.png","25642","e8899f2dbf7eaafe9628550ddad869d2b8c8a21eb39b4af4a6882ac4efa3ce81"
"data/textures/icons/xsotan-durability-boost.png","21405","d755f473d47ab25ae8d25482d2b26217d91f6ee4ef0f3428d227af02b8ecbf51"
"data/textures/icons/xsotan-sample.png","41649","55fe42142896eaab50a9193230dbe00581d91245bfc1b76aa595dce08f0bfed4"
"data/textures/icons/xsotan-swarm-effect.png","68209","1489614bf85be47f992eb0f618456b53537ae233d699fe94b209f8736fb95195"
"data/textures/icons/xsotan-tech.png","19039","7a3870fa04092113bf909598538c8fc2596a5d77a6ceac567c4c4f363660a9b7"
"data/textures/icons/xsotan-turret-overload.png","49135","49f9f329ef62498199b0a5533333515e83737be989ba927e0b49897412fce39a"
"data/textures/icons/xsotan.png","93932","ddbd73bd30d42697d3746d2ea9c6173e3c96e1e05d12fc0a04ed9ff9e69872fd"
"data/textures/icons/zach-xsotan-caller.png","36358","c204600112d5777b295d722c6e4d85a63c48c22ab44489f2407b300cf9c7b860"
"data/textures/icons/zinc.png","45974","0037425d1d9bd5a24751e592eef1d0e233e8c454a1ece06632babc16d8e970e8"
